{"image_pair_names": ["REF_Sin_ninguno_PB_Con_las_dos", "REF_Sin_ninguno_PB_Sin_negativo", "REF_Sin_ninguno_PB_Sin_positivo", "REF_Con_las_dos_PB_Sin_negativo", "REF_Con_las_dos_PB_Sin_positivo", "REF_Sin_negativo_PB_Sin_positivo", "REF_0_PB_90"], "predicted_delta_phiCRs": {"Rot_Kalkandjiev_Fibo_Cubic_Interp_Exper_Open_s7_toMean_iX": {"REF_Sin_ninguno_PB_Con_las_dos": -0.17284081373500015, "REF_Sin_ninguno_PB_Sin_negativo": -0.5282609569135, "REF_Sin_ninguno_PB_Sin_positivo": 0.40522929914500017, "REF_Con_las_dos_PB_Sin_negativo": -0.3554201431784998, "REF_Con_las_dos_PB_Sin_positivo": 0.5780701128800003, "REF_Sin_negativo_PB_Sin_positivo": 0.9334902560585001, "REF_0_PB_90": -2.664773965332293}, "Rot_Kalkandjiev_Quad_Cubic_Interp_Exper_Open_s7_toMean_iX": {"REF_Sin_ninguno_PB_Con_las_dos": -0.17312908952999972, "REF_Sin_ninguno_PB_Sin_negativo": -0.5283227313799999, "REF_Sin_ninguno_PB_Sin_positivo": 0.40330964247, "REF_Con_las_dos_PB_Sin_negativo": -0.35519364185000013, "REF_Con_las_dos_PB_Sin_positivo": 0.5764387319999997, "REF_Sin_negativo_PB_Sin_positivo": 0.9316323738499999, "REF_0_PB_90": -2.6645658503897933}, "Rot_Kalkandjiev_Fibo_Lanc_Interp_Exper_Open_s7_toMean_iX": {"REF_Sin_ninguno_PB_Con_las_dos": -0.17290560554749979, "REF_Sin_ninguno_PB_Sin_negativo": -0.5280908890949998, "REF_Sin_ninguno_PB_Sin_positivo": 0.40510557056300023, "REF_Con_las_dos_PB_Sin_negativo": -0.3551852835475, "REF_Con_las_dos_PB_Sin_positivo": 0.5780111761105, "REF_Sin_negativo_PB_Sin_positivo": 0.933196459658, "REF_0_PB_90": -2.6645855639647924}, "Rot_Kalkandjiev_Quad_Lanc_Interp_Exper_Open_s7_toMean_iX": {"REF_Sin_ninguno_PB_Con_las_dos": -0.17323141600000014, "REF_Sin_ninguno_PB_Sin_negativo": -0.5284722041300001, "REF_Sin_ninguno_PB_Sin_positivo": 0.40318846949999987, "REF_Con_las_dos_PB_Sin_negativo": -0.35524078812999993, "REF_Con_las_dos_PB_Sin_positivo": 0.5764198855, "REF_Sin_negativo_PB_Sin_positivo": 0.9316606736299999, "REF_0_PB_90": -2.664669451189794}, "Mir_Fibo_Cubic_Interp_Exper_Open_s7_toMean_iX": {"REF_Sin_ninguno_PB_Con_las_dos": -0.1730958361199999, "REF_Sin_ninguno_PB_Sin_negativo": -0.5283739268779999, "REF_Sin_ninguno_PB_Sin_positivo": 0.4029223708297933, "REF_Con_las_dos_PB_Sin_negativo": -0.355278090758, "REF_Con_las_dos_PB_Sin_positivo": 0.5760182069497932, "REF_Sin_negativo_PB_Sin_positivo": 0.9312962977077932, "REF_0_PB_90": -2.6646046793600004}, "Mir_Quad_Cubic_Interp_Exper_Open_s7_toMean_iX": {"REF_Sin_ninguno_PB_Con_las_dos": -0.17297187110000012, "REF_Sin_ninguno_PB_Sin_negativo": -0.5281358220900001, "REF_Sin_ninguno_PB_Sin_positivo": 0.4031503130997929, "REF_Con_las_dos_PB_Sin_negativo": -0.35516395099, "REF_Con_las_dos_PB_Sin_positivo": 0.576122184199793, "REF_Sin_negativo_PB_Sin_positivo": 0.931286135189793, "REF_0_PB_90": -2.6643747163700002}, "Mir_Fibo_Lanc_Interp_Exper_Open_s7_toMean_iX": {"REF_Sin_ninguno_PB_Con_las_dos": -0.17309605391900007, "REF_Sin_ninguno_PB_Sin_negativo": -0.528374148708, "REF_Sin_ninguno_PB_Sin_positivo": 0.4030299010357927, "REF_Con_las_dos_PB_Sin_negativo": -0.35527809478899997, "REF_Con_las_dos_PB_Sin_positivo": 0.5761259549547928, "REF_Sin_negativo_PB_Sin_positivo": 0.9314040497437928, "REF_0_PB_90": -2.6645817818410005}, "Mir_Quad_Lanc_Interp_Exper_Open_s7_toMean_iX": {"REF_Sin_ninguno_PB_Con_las_dos": -0.17336954990999986, "REF_Sin_ninguno_PB_Sin_negativo": -0.5287659229099999, "REF_Sin_ninguno_PB_Sin_positivo": 0.40269394217979304, "REF_Con_las_dos_PB_Sin_negativo": -0.35539637300000004, "REF_Con_las_dos_PB_Sin_positivo": 0.5760634920897929, "REF_Sin_negativo_PB_Sin_positivo": 0.931459865089793, "REF_0_PB_90": -2.6649089826}, "Rot_Naive_Fibo_Cubic_Interp_Exper_Open_s7_toMean_iX": {"REF_Sin_ninguno_PB_Con_las_dos": -0.17459389205300013, "REF_Sin_ninguno_PB_Sin_negativo": -0.5239698867260003, "REF_Sin_ninguno_PB_Sin_positivo": 0.4022878528799998, "REF_Con_las_dos_PB_Sin_negativo": -0.353519368373, "REF_Con_las_dos_PB_Sin_positivo": 0.5786835910379997, "REF_Sin_negativo_PB_Sin_positivo": 0.929858443753, "REF_0_PB_90": -2.6599674632215864}, "Rot_Naive_Quad_Cubic_Interp_Exper_Open_s7_toMean_iX": {"REF_Sin_ninguno_PB_Con_las_dos": -0.17491734299999973, "REF_Sin_ninguno_PB_Sin_negativo": -0.524058986, "REF_Sin_ninguno_PB_Sin_positivo": 0.4026154955000001, "REF_Con_las_dos_PB_Sin_negativo": -0.35354153860000004, "REF_Con_las_dos_PB_Sin_positivo": 0.5780018499999997, "REF_Sin_negativo_PB_Sin_positivo": 0.9298816561000001, "REF_0_PB_90": -2.659988780679586}, "Rot_Naive_Fibo_Lanc_Interp_Exper_Open_s7_toMean_iX": {"REF_Sin_ninguno_PB_Con_las_dos": -0.17459389205300013, "REF_Sin_ninguno_PB_Sin_negativo": -0.5232070971659999, "REF_Sin_ninguno_PB_Sin_positivo": 0.4022878528799998, "REF_Con_las_dos_PB_Sin_negativo": -0.3535215531120004, "REF_Con_las_dos_PB_Sin_positivo": 0.5787069330500003, "REF_Sin_negativo_PB_Sin_positivo": 0.929858443753, "REF_0_PB_90": -2.659967654725586}, "Rot_Naive_Quad_Lanc_Interp_Exper_Open_s7_toMean_iX": {"REF_Sin_ninguno_PB_Con_las_dos": -0.17451895800000017, "REF_Sin_ninguno_PB_Sin_negativo": -0.5240578722000002, "REF_Sin_ninguno_PB_Sin_positivo": 0.40224583859999985, "REF_Con_las_dos_PB_Sin_negativo": -0.35354063680000003, "REF_Con_las_dos_PB_Sin_positivo": 0.5778586697000003, "REF_Sin_negativo_PB_Sin_positivo": 0.9298003023000003, "REF_0_PB_90": -2.659938221779586}, "Rel_Rot_Fourier_Phase_Correlat_Exper_Open_s7_toMean_iX": {"REF_Sin_ninguno_PB_Con_las_dos": -0.17662732030182582, "REF_Sin_ninguno_PB_Sin_negativo": -0.5400048705670457, "REF_Sin_ninguno_PB_Sin_positivo": 0.40456732061228556, "REF_Con_las_dos_PB_Sin_negativo": -0.355523568631245, "REF_Con_las_dos_PB_Sin_positivo": 0.5859070298944964, "REF_Sin_negativo_PB_Sin_positivo": 0.9365436766201571, "REF_0_PB_90": -2.6370179668382323}, "Histo_Intra_Class_Var_Exper_Open_s7_toMean_iX": {"REF_Sin_ninguno_PB_Con_las_dos": -0.42691231676179076, "REF_Sin_ninguno_PB_Sin_negativo": -0.49060488014963877, "REF_Sin_ninguno_PB_Sin_positivo": 0.3219056582034473, "REF_Con_las_dos_PB_Sin_negativo": -0.6197114275574389, "REF_Con_las_dos_PB_Sin_positivo": 1.1929444980480692, "REF_Sin_negativo_PB_Sin_positivo": 1.2566370614359172, "REF_0_PB_90": -2.64926635280805}, "Grad_Regress_Exper_Open_s7_toMean_iX": {"REF_Sin_ninguno_PB_Con_las_dos": -0.16039563275978885, "REF_Sin_ninguno_PB_Sin_negativo": -0.525007631550495, "REF_Sin_ninguno_PB_Sin_positivo": 0.38244026277696497, "REF_Con_las_dos_PB_Sin_negativo": -0.36461199879070527, "REF_Con_las_dos_PB_Sin_positivo": 0.5428358955367534, "REF_Sin_negativo_PB_Sin_positivo": 0.90744789432746, "REF_0_PB_90": -2.56071785584172}}, "times": {"Rot_Kalkandjiev_Fibo_Cubic_Interp_Exper_Open_s7_toMean_iX": {"REF_Sin_ninguno_PB_Con_las_dos": 0.61, "REF_Sin_ninguno_PB_Sin_negativo": 0.52, "REF_Sin_ninguno_PB_Sin_positivo": 0.48, "REF_Con_las_dos_PB_Sin_negativo": 0.44, "REF_Con_las_dos_PB_Sin_positivo": 0.48, "REF_Sin_negativo_PB_Sin_positivo": 0.45, "REF_0_PB_90": 0.49}, "Rot_Kalkandjiev_Quad_Cubic_Interp_Exper_Open_s7_toMean_iX": {"REF_Sin_ninguno_PB_Con_las_dos": 0.28, "REF_Sin_ninguno_PB_Sin_negativo": 0.29000000000000004, "REF_Sin_ninguno_PB_Sin_positivo": 0.32999999999999996, "REF_Con_las_dos_PB_Sin_negativo": 0.30000000000000004, "REF_Con_las_dos_PB_Sin_positivo": 0.31, "REF_Sin_negativo_PB_Sin_positivo": 0.29000000000000004, "REF_0_PB_90": 0.30000000000000004}, "Rot_Kalkandjiev_Fibo_Lanc_Interp_Exper_Open_s7_toMean_iX": {"REF_Sin_ninguno_PB_Con_las_dos": 0.79, "REF_Sin_ninguno_PB_Sin_negativo": 0.71, "REF_Sin_ninguno_PB_Sin_positivo": 0.77, "REF_Con_las_dos_PB_Sin_negativo": 0.78, "REF_Con_las_dos_PB_Sin_positivo": 0.78, "REF_Sin_negativo_PB_Sin_positivo": 0.6699999999999999, "REF_0_PB_90": 0.75}, "Rot_Kalkandjiev_Quad_Lanc_Interp_Exper_Open_s7_toMean_iX": {"REF_Sin_ninguno_PB_Con_las_dos": 0.56, "REF_Sin_ninguno_PB_Sin_negativo": 0.54, "REF_Sin_ninguno_PB_Sin_positivo": 0.44, "REF_Con_las_dos_PB_Sin_negativo": 0.44, "REF_Con_las_dos_PB_Sin_positivo": 0.39, "REF_Sin_negativo_PB_Sin_positivo": 0.38,