{"image_pair_names": ["REF_Sin_ninguno_PB_Con_las_dos", "REF_Sin_ninguno_PB_Sin_negativo", "REF_Sin_ninguno_PB_Sin_positivo", "REF_Con_las_dos_PB_Sin_negativo", "REF_Con_las_dos_PB_Sin_positivo", "REF_Sin_negativo_PB_Sin_positivo", "REF_0_PB_90"], "predicted_delta_phiCRs": {"Rot_Kalkandjiev_Fibo_Cubic_Interp_Exper_Sigm_k35_c0.1_iX": {"REF_Sin_ninguno_PB_Con_las_dos": -0.0005011911840000494, "REF_Sin_ninguno_PB_Sin_negativo": 0.4281378917059999, "REF_Sin_ninguno_PB_Sin_positivo": 1.3667095052640001, "REF_Con_las_dos_PB_Sin_negativo": 0.42863908288999997, "REF_Con_las_dos_PB_Sin_positivo": 1.3672106964480002, "REF_Sin_negativo_PB_Sin_positivo": 0.9385716135580002, "REF_0_PB_90": -2.7307491654297937}, "Rot_Kalkandjiev_Quad_Cubic_Interp_Exper_Sigm_k35_c0.1_iX": {"REF_Sin_ninguno_PB_Con_las_dos": -0.0004801434999999188, "REF_Sin_ninguno_PB_Sin_negativo": 0.42814481535000004, "REF_Sin_ninguno_PB_Sin_positivo": 1.3667210552, "REF_Con_las_dos_PB_Sin_negativo": 0.42862495884999996, "REF_Con_las_dos_PB_Sin_positivo": 1.3672011987, "REF_Sin_negativo_PB_Sin_positivo": 0.9385762398499999, "REF_0_PB_90": -2.1334908125897933}, "Rot_Kalkandjiev_Fibo_Lanc_Interp_Exper_Sigm_k35_c0.1_iX": {"REF_Sin_ninguno_PB_Con_las_dos": -0.000332997934000101, "REF_Sin_ninguno_PB_Sin_negativo": 0.42841146428199983, "REF_Sin_ninguno_PB_Sin_positivo": 1.3671238800365, "REF_Con_las_dos_PB_Sin_negativo": 0.42874446221599993, "REF_Con_las_dos_PB_Sin_positivo": 1.3674568779705, "REF_Sin_negativo_PB_Sin_positivo": 0.9387124157545002, "REF_0_PB_90": -2.7310246612297933}, "Rot_Kalkandjiev_Quad_Lanc_Interp_Exper_Sigm_k35_c0.1_iX": {"REF_Sin_ninguno_PB_Con_las_dos": 0.00024382200000006016, "REF_Sin_ninguno_PB_Sin_negativo": 0.4288758735, "REF_Sin_ninguno_PB_Sin_positivo": 1.3676595294, "REF_Con_las_dos_PB_Sin_negativo": 0.42863205149999994, "REF_Con_las_dos_PB_Sin_positivo": 1.3674157074, "REF_Sin_negativo_PB_Sin_positivo": 0.9387836559, "REF_0_PB_90": -2.1341367076397937}, "Mir_Fibo_Cubic_Interp_Exper_Sigm_k35_c0.1_iX": {"REF_Sin_ninguno_PB_Con_las_dos": -0.9666511368419997, "REF_Sin_ninguno_PB_Sin_negativo": -0.9666566334145861, "REF_Sin_ninguno_PB_Sin_positivo": 0.40075629233199983, "REF_Con_las_dos_PB_Sin_negativo": -5.496572586416448e-06, "REF_Con_las_dos_PB_Sin_positivo": 1.3674074291739995, "REF_Sin_negativo_PB_Sin_positivo": 1.367412925746586, "REF_0_PB_90": -2.7312602370410004}, "Mir_Quad_Cubic_Interp_Exper_Sigm_k35_c0.1_iX": {"REF_Sin_ninguno_PB_Con_las_dos": -0.18386613870000001, "REF_Sin_ninguno_PB_Sin_negativo": -0.5380355067897931, "REF_Sin_ninguno_PB_Sin_positivo": 0.4006782302000005, "REF_Con_las_dos_PB_Sin_negativo": -0.35416936808979305, "REF_Con_las_dos_PB_Sin_positivo": 0.5845443689000005, "REF_Sin_negativo_PB_Sin_positivo": 0.9387137369897935, "REF_0_PB_90": -2.73115417855}, "Mir_Fibo_Lanc_Interp_Exper_Sigm_k35_c0.1_iX": {"REF_Sin_ninguno_PB_Con_las_dos": -0.9667481506920002, "REF_Sin_ninguno_PB_Sin_negativo": -0.9667536472645866, "REF_Sin_ninguno_PB_Sin_positivo": 0.4006683112479994, "REF_Con_las_dos_PB_Sin_negativo": -5.496572586416448e-06, "REF_Con_las_dos_PB_Sin_positivo": 1.3674164619399996, "REF_Sin_negativo_PB_Sin_positivo": 1.367421958512586, "REF_0_PB_90": -2.7312610122940004}, "Mir_Quad_Lanc_Interp_Exper_Sigm_k35_c0.1_iX": {"REF_Sin_ninguno_PB_Con_las_dos": -0.1840055404999994, "REF_Sin_ninguno_PB_Sin_negativo": -0.5382046572897929, "REF_Sin_ninguno_PB_Sin_positivo": 0.4003874392000002, "REF_Con_las_dos_PB_Sin_negativo": -0.35419911678979354, "REF_Con_las_dos_PB_Sin_positivo": 0.5843929796999996, "REF_Sin_negativo_PB_Sin_positivo": 0.9385920964897931, "REF_0_PB_90": -2.7312057269900003}, "Rot_Naive_Fibo_Cubic_Interp_Exper_Sigm_k35_c0.1_iX": {"REF_Sin_ninguno_PB_Con_las_dos": -0.18395175725300028, "REF_Sin_ninguno_PB_Sin_negativo": -0.5386194308099999, "REF_Sin_ninguno_PB_Sin_positivo": 0.39777253709799965, "REF_Con_las_dos_PB_Sin_negativo": -0.3527952778000003, "REF_Con_las_dos_PB_Sin_positivo": 0.5846813645280005, "REF_Sin_negativo_PB_Sin_positivo": 0.9340378373, "REF_0_PB_90": -2.7109334561455865}, "Rot_Naive_Quad_Cubic_Interp_Exper_Sigm_k35_c0.1_iX": {"REF_Sin_ninguno_PB_Con_las_dos": -0.1840546700000001, "REF_Sin_ninguno_PB_Sin_negativo": -0.538409648, "REF_Sin_ninguno_PB_Sin_positivo": 0.3977987766000002, "REF_Con_las_dos_PB_Sin_negativo": -0.3530610860000003, "REF_Con_las_dos_PB_Sin_positivo": 0.5850121785999995, "REF_Sin_negativo_PB_Sin_positivo": 0.9340387566999997, "REF_0_PB_90": -2.709997718179586}, "Rot_Naive_Fibo_Lanc_Interp_Exper_Sigm_k35_c0.1_iX": {"REF_Sin_ninguno_PB_Con_las_dos": -0.1835073371310001, "REF_Sin_ninguno_PB_Sin_negativo": -0.5376454487859998, "REF_Sin_ninguno_PB_Sin_positivo": 0.39770288492399963, "REF_Con_las_dos_PB_Sin_negativo": -0.3527952763500002, "REF_Con_las_dos_PB_Sin_positivo": 0.5844720741499998, "REF_Sin_negativo_PB_Sin_positivo": 0.9348925567200004, "REF_0_PB_90": -2.7109538826605863}, "Rot_Naive_Quad_Lanc_Interp_Exper_Sigm_k35_c0.1_iX": {"REF_Sin_ninguno_PB_Con_las_dos": -0.18364905450000002, "REF_Sin_ninguno_PB_Sin_negativo": -0.5390082403500003, "REF_Sin_ninguno_PB_Sin_positivo": 0.39790496, "REF_Con_las_dos_PB_Sin_negativo": -0.3526497952999996, "REF_Con_las_dos_PB_Sin_positivo": 0.5844230156999997, "REF_Sin_negativo_PB_Sin_positivo": 0.9351001866999997, "REF_0_PB_90": -2.711110396079586}, "Rel_Rot_Fourier_Phase_Correlat_Exper_Sigm_k35_c0.1_iX": {"REF_Sin_ninguno_PB_Con_las_dos": -0.18465583486100012, "REF_Sin_ninguno_PB_Sin_negativo": -0.5391322059410486, "REF_Sin_ninguno_PB_Sin_positivo": 0.40194932673429407, "REF_Con_las_dos_PB_Sin_negativo": -0.35587263448164386, "REF_Con_las_dos_PB_Sin_positivo": 0.5791002458117186, "REF_Sin_negativo_PB_Sin_positivo": 0.9405579338997443, "REF_0_PB_90": -2.735280003725513}, "Histo_Intra_Class_Var_Exper_Sigm_k35_c0.1_iX": {"REF_Sin_ninguno_PB_Con_las_dos": -0.07229966654836772, "REF_Sin_ninguno_PB_Sin_negativo": -0.38043395969498306, "REF_Sin_ninguno_PB_Sin_positivo": 0.35116980894921523, "REF_Con_las_dos_PB_Sin_negativo": -0.30813429314661533, "REF_Con_las_dos_PB_Sin_positivo": 0.423469475497583, "REF_Sin_negativo_PB_Sin_positivo": 0.7316037686441984, "REF_0_PB_90": -2.723287439988522}, "Grad_Regress_Exper_Sigm_k35_c0.1_iX": {"REF_Sin_ninguno_PB_Con_las_dos": -0.18464335094212814, "REF_Sin_ninguno_PB_Sin_negativo": -0.5637970193947801, "REF_Sin_ninguno_PB_Sin_positivo": 0.40279755690314056, "REF_Con_las_dos_PB_Sin_negativo": -0.37915366845265197, "REF_Con_las_dos_PB_Sin_positivo": 0.5874409078452691, "REF_Sin_negativo_PB_Sin_positivo": 0.9665945762979211, "REF_0_PB_90": -2.637628302587716}}, "times": {"Rot_Kalkandjiev_Fibo_Cubic_Interp_Exper_Sigm_k35_c0.1_iX": {"REF_Sin_ninguno_PB_Con_las_dos": 0.4, "REF_Sin_ninguno_PB_Sin_negativo": 0.46, "REF_Sin_ninguno_PB_Sin_positivo": 0.37, "REF_Con_las_dos_PB_Sin_negativo": 0.4, "REF_Con_las_dos_PB_Sin_positivo": 0.39, "REF_Sin_negativo_PB_Sin_positivo": 0.41000000000000003, "REF_0_PB_90": 0.46}, "Rot_Kalkandjiev_Quad_Cubic_Interp_Exper_Sigm_k35_c0.1_iX": {"REF_Sin_ninguno_PB_Con_las_dos": 0.182, "REF_Sin_ninguno_PB_Sin_negativo": 0.25, "REF_Sin_ninguno_PB_Sin_positivo": 0.24, "REF_Con_las_dos_PB_Sin_negativo": 0.249, "REF_Con_las_dos_PB_Sin_positivo": 0.261, "REF_Sin_negativo_PB_Sin_positivo": 0.29000000000000004, "REF_0_PB_90": 0.229}, "Rot_Kalkandjiev_Fibo_Lanc_Interp_Exper_Sigm_k35_c0.1_iX": {"REF_Sin_ninguno_PB_Con_las_dos": 0.62, "REF_Sin_ninguno_PB_Sin_negativo": 0.66, "REF_Sin_ninguno_PB_Sin_positivo": 0.64, "REF_Con_las_dos_PB_Sin_negativo": 0.69, "REF_Con_las_dos_PB_Sin_positivo": 0.63, "REF_Sin_negativo_PB_Sin_positivo": 0.66, "REF_0_PB_90": 0.66}, "Rot_Kalkandjiev_Quad_Lanc_Interp_Exper_Sigm_k35_c0.1_iX": {"REF_Sin_ninguno_PB_Con_las_dos": 0.33, "REF_Sin_ninguno_PB_Sin_negativo": 0.44, "REF_Sin_ninguno_PB_Sin_positivo": 0.44, "REF_Con_las_dos_PB_Sin_negativo": 0.35, "REF_Con_las_dos_PB_Sin_positivo": 0.33999999999999997, "REF_Sin_negativo_PB_Sin_positivo": 0.45, "REF_0_PB_90": 0.35},