{"image_pair_names": ["REF_ezer_PB_bixek", "REF_ezer_PB_sin_negat", "REF_ezer_PB_sin_posit", "REF_bixek_PB_sin_negat", "REF_bixek_PB_sin_posit", "REF_sin_negat_PB_sin_posit"], "predicted_delta_phiCRs": {"Simulation_Grav_Prepr_Max_DS_Exper_Searc_NM": {"REF_ezer_PB_bixek": -0.21568841861578303, "REF_ezer_PB_sin_negat": -0.5817586431755464, "REF_ezer_PB_sin_posit": 0.4349203003833537, "REF_bixek_PB_sin_negat": -0.36607022455976335, "REF_bixek_PB_sin_posit": 0.6506087189991383, "REF_sin_negat_PB_sin_posit": 1.0166789435589019}, "Simulation_Grav_Prepr_Max_DS_Exper_Searc_P": {"REF_ezer_PB_bixek": -0.1698155319195056, "REF_ezer_PB_sin_negat": -0.575578178748966, "REF_ezer_PB_sin_posit": 0.5848581433410283, "REF_bixek_PB_sin_negat": -0.4057626468294604, "REF_bixek_PB_sin_posit": 0.7546736752605343, "REF_sin_negat_PB_sin_posit": 1.1604363220899947}}, "times": {"Simulation_Grav_Prepr_Max_DS_Exper_Searc_NM": {"REF_ezer_PB_bixek": 0.7173824310302734, "REF_ezer_PB_sin_negat": 0.7021429538726807, "REF_ezer_PB_sin_posit": 0.6985843181610107, "REF_bixek_PB_sin_negat": 0.7042036056518555, "REF_bixek_PB_sin_posit": 0.7007951736450195, "REF_sin_negat_PB_sin_posit": 0.6976916790008545}, "Simulation_Grav_Prepr_Max_DS_Exper_Searc_P": {"REF_ezer_PB_bixek": 0.6569252014160156, "REF_ezer_PB_sin_negat": 0.6583936214447021, "REF_ezer_PB_sin_posit": 0.642315149307251, "REF_bixek_PB_sin_negat": 0.648723840713501, "REF_bixek_PB_sin_posit": 0.6355984210968018, "REF_sin_negat_PB_sin_posit": 0.6409916877746582}}}