{"image_pair_names": ["REF_ezer_PB_bixek", "REF_ezer_PB_sin_negat", "REF_ezer_PB_sin_posit", "REF_bixek_PB_sin_negat", "REF_bixek_PB_sin_posit", "REF_sin_negat_PB_sin_posit"], "predicted_delta_phiCRs": {"Rot_Kalkandjiev_Fibo_Cubic_Interp_Exper_Sigm_k35_c0.1_iX": {"REF_ezer_PB_bixek": -1.1155836007640008, "REF_ezer_PB_sin_negat": -1.1155813925865865, "REF_ezer_PB_sin_posit": 0.44997682309999987, "REF_bixek_PB_sin_negat": 2.2081774142534982e-06, "REF_bixek_PB_sin_posit": 1.5655604238640006, "REF_sin_negat_PB_sin_posit": 1.5655582156865864}, "Rot_Kalkandjiev_Quad_Cubic_Interp_Exper_Sigm_k35_c0.1_iX": {"REF_ezer_PB_bixek": -0.23123540349999994, "REF_ezer_PB_sin_negat": -0.5952075365897931, "REF_ezer_PB_sin_posit": 0.45032983149999994, "REF_bixek_PB_sin_negat": -0.36397213308979315, "REF_bixek_PB_sin_posit": 0.6815652349999999, "REF_sin_negat_PB_sin_posit": 1.045537368089793}, "Rot_Kalkandjiev_Fibo_Lanc_Interp_Exper_Sigm_k35_c0.1_iX": {"REF_ezer_PB_bixek": -1.1154538403000007, "REF_ezer_PB_sin_negat": -1.1154516321225865, "REF_ezer_PB_sin_posit": 0.45101000579399986, "REF_bixek_PB_sin_negat": 2.2081774142534982e-06, "REF_bixek_PB_sin_posit": 1.5664638460940006, "REF_sin_negat_PB_sin_posit": 1.5664616379165863}, "Rot_Kalkandjiev_Quad_Lanc_Interp_Exper_Sigm_k35_c0.1_iX": {"REF_ezer_PB_bixek": -0.22989403544999965, "REF_ezer_PB_sin_negat": -0.5948401105397929, "REF_ezer_PB_sin_posit": 0.45101530455000005, "REF_bixek_PB_sin_negat": -0.36494607508979326, "REF_bixek_PB_sin_posit": 0.6809093399999997, "REF_sin_negat_PB_sin_posit": 1.045855415089793}, "Mir_Fibo_Cubic_Interp_Exper_Sigm_k35_c0.1_iX": {"REF_ezer_PB_bixek": -5.623285999512007e-06, "REF_ezer_PB_sin_negat": 0.5206459190220002, "REF_ezer_PB_sin_posit": 1.5655894958420002, "REF_bixek_PB_sin_negat": 0.5206515423079997, "REF_bixek_PB_sin_posit": 1.5655951191279998, "REF_sin_negat_PB_sin_posit": 1.0449435768200002}, "Mir_Quad_Cubic_Interp_Exper_Sigm_k35_c0.1_iX": {"REF_ezer_PB_bixek": -4.000000100026205e-05, "REF_ezer_PB_sin_negat": 0.0, "REF_ezer_PB_sin_posit": 1.5660934449989998, "REF_bixek_PB_sin_negat": 4.000000100026205e-05, "REF_bixek_PB_sin_posit": 1.5661334450000002, "REF_sin_negat_PB_sin_posit": 1.5660934449989998}, "Mir_Fibo_Lanc_Interp_Exper_Sigm_k35_c0.1_iX": {"REF_ezer_PB_bixek": -5.623285999512007e-06, "REF_ezer_PB_sin_negat": 0.5205102202420002, "REF_ezer_PB_sin_posit": 1.5668561353980002, "REF_bixek_PB_sin_negat": 0.5205158435279997, "REF_bixek_PB_sin_posit": 1.5668617586839997, "REF_sin_negat_PB_sin_posit": 1.046345915156}, "Mir_Quad_Lanc_Interp_Exper_Sigm_k35_c0.1_iX": {"REF_ezer_PB_bixek": -1.9999999999999944e-06, "REF_ezer_PB_sin_negat": -4.1999998999999995e-05, "REF_ezer_PB_sin_posit": 1.566683831, "REF_bixek_PB_sin_negat": -3.9999999e-05, "REF_bixek_PB_sin_posit": 1.566685831, "REF_sin_negat_PB_sin_posit": 1.566725830999}, "Rot_Naive_Fibo_Cubic_Interp_Exper_Sigm_k35_c0.1_iX": {"REF_ezer_PB_bixek": -0.22556333440000031, "REF_ezer_PB_sin_negat": -0.5976053059800002, "REF_ezer_PB_sin_posit": 0.447385676443, "REF_bixek_PB_sin_negat": -0.3703721000069997, "REF_bixek_PB_sin_posit": 0.6827971167699998, "REF_sin_negat_PB_sin_posit": 1.0540088671700003}, "Rot_Naive_Quad_Cubic_Interp_Exper_Sigm_k35_c0.1_iX": {"REF_ezer_PB_bixek": -0.2256074400000001, "REF_ezer_PB_sin_negat": -0.5961828907999998, "REF_ezer_PB_sin_posit": 0.44798827139999986, "REF_bixek_PB_sin_negat": -0.36928871299999955, "REF_bixek_PB_sin_posit": 0.6823534850000001, "REF_sin_negat_PB_sin_posit": 1.054233246}, "Rot_Naive_Fibo_Lanc_Interp_Exper_Sigm_k35_c0.1_iX": {"REF_ezer_PB_bixek": -0.22556350644599998, "REF_ezer_PB_sin_negat": -0.5954471581640002, "REF_ezer_PB_sin_posit": 0.44883739546, "REF_bixek_PB_sin_negat": -0.3700639215999999, "REF_bixek_PB_sin_posit": 0.6835558647299997, "REF_sin_negat_PB_sin_posit": 1.05397633859}, "Rot_Naive_Quad_Lanc_Interp_Exper_Sigm_k35_c0.1_iX": {"REF_ezer_PB_bixek": -0.2255407749999998, "REF_ezer_PB_sin_negat": -0.5948057167999998, "REF_ezer_PB_sin_posit": 0.4475444599999996, "REF_bixek_PB_sin_negat": -0.3686512759999996, "REF_bixek_PB_sin_posit": 0.682377711, "REF_sin_negat_PB_sin_posit": 1.0542300659999997}, "Rel_Rot_Fourier_Phase_Correlat_Exper_Sigm_k35_c0.1_iX": {"REF_ezer_PB_bixek": -0.06283185307179551, "REF_ezer_PB_sin_negat": -0.5960299395560638, "REF_ezer_PB_sin_posit": 0.11100294042683936, "REF_bixek_PB_sin_negat": -0.11780972450961702, "REF_bixek_PB_sin_posit": 0.15742869852988853, "REF_sin_negat_PB_sin_posit": 1.4533356681356784}, "Histo_Intra_Class_Var_Exper_Sigm_k35_c0.1_iX": {"REF_ezer_PB_bixek": -0.18591342826723167, "REF_ezer_PB_sin_negat": -0.49749056267805525, "REF_ezer_PB_sin_posit": 0.5525760229053828, "REF_bixek_PB_sin_negat": -0.3115771344108236, "REF_bixek_PB_sin_posit": 0.7384894511726143, "REF_sin_negat_PB_sin_posit": 1.0500665855834375}, "Grad_Regress_Exper_Sigm_k35_c0.1_iX": {"REF_ezer_PB_bixek": -0.35276105499747157, "REF_ezer_PB_sin_negat": -0.6982114007181153, "REF_ezer_PB_sin_posit": 0.4705565517926482, "REF_bixek_PB_sin_negat": -0.3454503457206437, "REF_bixek_PB_sin_posit": 0.8233176067901198, "REF_sin_negat_PB_sin_posit": 1.1687679525107635}}, "times": {"Rot_Kalkandjiev_Fibo_Cubic_Interp_Exper_Sigm_k35_c0.1_iX": {"REF_ezer_PB_bixek": 0.104, "REF_ezer_PB_sin_negat": 0.109, "REF_ezer_PB_sin_posit": 0.095, "REF_bixek_PB_sin_negat": 0.108, "REF_bixek_PB_sin_posit": 0.094, "REF_sin_negat_PB_sin_posit": 0.099}, "Rot_Kalkandjiev_Quad_Cubic_Interp_Exper_Sigm_k35_c0.1_iX": {"REF_ezer_PB_bixek": 0.07300000000000001, "REF_ezer_PB_sin_negat": 0.077, "REF_ezer_PB_sin_posit": 0.07300000000000001, "REF_bixek_PB_sin_negat": 0.07300000000000001, "REF_bixek_PB_sin_posit": 0.07, "REF_sin_negat_PB_sin_posit": 0.078}, "Rot_Kalkandjiev_Fibo_Lanc_Interp_Exper_Sigm_k35_c0.1_iX": {"REF_ezer_PB_bixek": 0.26, "REF_ezer_PB_sin_negat": 0.26, "REF_ezer_PB_sin_posit": 0.24, "REF_bixek_PB_sin_negat": 0.26, "REF_bixek_PB_sin_posit": 0.22999999999999998, "REF_sin_negat_PB_sin_posit": 0.25}, "Rot_Kalkandjiev_Quad_Lanc_Interp_Exper_Sigm_k35_c0.1_iX": {"REF_ezer_PB_bixek": 0.15799999999999997, "REF_ezer_PB_sin_negat": 0.16099999999999998, "REF_ezer_PB_sin_posit": 0.154, "REF_bixek_PB_sin_negat": 0.14100000000000001, "REF_bixek_PB_sin_posit": 0.14500000000000002, "REF_sin_negat_PB_sin_posit": 0.15200000000000002}, "Mir_Fibo_Cubic_Interp_Exper_Sigm_k35_c0.1_iX": {"REF_ezer_PB_bixek": 0.099, "REF_ezer_PB_sin_negat": 0.11099999999999999, "REF_ezer_PB_sin_posit": 0.093, "REF_bixek_PB_sin_negat": 0.105, "REF_bixek_PB_sin_posit": 0.08499999999999999, "REF_sin_negat_PB_sin_posit": 0.099}, "Mir_Quad_Cubic_Interp_Exper_Sigm_k35_c0.1_iX": {"REF_ezer_PB_bixek": 0.036000000000000004, "REF_ezer_PB_sin_negat": 0.035, "REF_ezer_PB_sin_posit": 0.049, "REF_bixek_PB_sin_negat": 0.034, "REF_bixek_PB_sin_posit": 0.048, "REF_sin_negat_PB_sin_posit": 0.048}, "Mir_Fibo_Lanc_Interp_Exper_Sigm_k35_c0.1_iX": {"REF_ezer_PB_bixek": 0.22, "REF_ezer_PB_sin_negat": 0.25, "REF_ezer_PB_sin_posit": 0.24, "REF_bixek_PB_sin_negat": 0.21000000000000002, "REF_bixek_PB_sin_posit": 0.22, "REF_sin_negat_PB_sin_posit": 0.22999999999999998}, "Mir_Quad_Lanc_Interp_Exper_Sigm_k35_c0.1_iX": {"REF_ezer_PB_bixek": 0.08399999999999999, "REF_ezer_PB_sin_negat": 0.08299999999999999, "REF_ezer_PB_sin_posit": 0.122, "REF_bixek_PB_sin_negat": 0.08499999999999999, "REF_bixek_PB_sin_posit": 0.123, "REF_sin_negat_PB_sin_posit": 0.125}, "Rot_Naive_Fibo_Cubic_Interp_Exper_Sigm_k35_c0.1_iX": {"REF_ezer_PB_bixek": 0.051, "REF_ezer_PB_sin_negat": 0.065, "REF_ezer_PB_sin_posit": 0.064, "REF_bixek_PB_sin_negat": 0.064, "REF_bixek_PB_sin_posit": 0.069, "REF_sin_negat_PB_sin_posit": 0.067}, "Rot_Naive_Quad_Cubic_Interp_Exper_Sigm_k35_c0.1_iX": {"REF_ezer_PB_bixek": 0.031, "REF_ezer_PB_sin_negat": 0.04, "REF_ezer_PB_sin_posit": 0.035, "REF_bixek_PB_sin_negat": 0.036, "REF_bixek_PB_sin_posit": 0.037, "REF_sin_negat_PB_sin_posit": 0.036}, "Rot_Naive_Fibo_Lanc_Interp_Exper_Sigm_k35_c0.1_iX": {"REF_ezer_PB_bixek": 0.13, "REF_ezer_PB_sin_negat": 0.12,