{"image_pair_names": ["REF_sin_nada_PB_con_todo", "REF_sin_nada_PB_sin_negativo", "REF_sin_nada_PB_sin_positivo", "REF_con_todo_PB_sin_negativo", "REF_con_todo_PB_sin_positivo", "REF_sin_negativo_PB_sin_positivo", "REF_0_2_PB_90"], "predicted_delta_phiCRs": {"Rot_Kalkandjiev_Fibo_Cubic_Interp_Exper_Sigm_k35_c0.7_iX": {"REF_sin_nada_PB_con_todo": -0.2371987043699999, "REF_sin_nada_PB_sin_negativo": -0.5854293483974997, "REF_sin_nada_PB_sin_positivo": 0.37502660169250035, "REF_con_todo_PB_sin_negativo": -0.3482306440274998, "REF_con_todo_PB_sin_positivo": 0.6122253060625003, "REF_sin_negativo_PB_sin_positivo": 0.9604559500900001, "REF_0_2_PB_90": 2.9666433899997933}, "Rot_Kalkandjiev_Quad_Cubic_Interp_Exper_Sigm_k35_c0.7_iX": {"REF_sin_nada_PB_con_todo": -0.23718395700000006, "REF_sin_nada_PB_sin_negativo": -0.5864823894999995, "REF_sin_nada_PB_sin_positivo": 0.3751311819999996, "REF_con_todo_PB_sin_negativo": -0.3492984324999995, "REF_con_todo_PB_sin_positivo": 0.6123151389999997, "REF_sin_negativo_PB_sin_positivo": 0.9616135714999992, "REF_0_2_PB_90": 2.966451042039793}, "Rot_Kalkandjiev_Fibo_Lanc_Interp_Exper_Sigm_k35_c0.7_iX": {"REF_sin_nada_PB_con_todo": -0.23703364848800046, "REF_sin_nada_PB_sin_negativo": -0.5859857737, "REF_sin_nada_PB_sin_positivo": 0.3752275741500002, "REF_con_todo_PB_sin_negativo": -0.3489521252119996, "REF_con_todo_PB_sin_positivo": 0.6122612226380006, "REF_sin_negativo_PB_sin_positivo": 0.9612133478500002, "REF_0_2_PB_90": 2.9664438652397926}, "Rot_Kalkandjiev_Quad_Lanc_Interp_Exper_Sigm_k35_c0.7_iX": {"REF_sin_nada_PB_con_todo": -0.23709904899999934, "REF_sin_nada_PB_sin_negativo": -0.58538581, "REF_sin_nada_PB_sin_positivo": 0.3752699100000001, "REF_con_todo_PB_sin_negativo": -0.34828676100000067, "REF_con_todo_PB_sin_positivo": 0.6123689589999994, "REF_sin_negativo_PB_sin_positivo": 0.9606557200000001, "REF_0_2_PB_90": 2.9663774345897935}, "Mir_Fibo_Cubic_Interp_Exper_Sigm_k35_c0.7_iX": {"REF_sin_nada_PB_con_todo": -0.23743703418100015, "REF_sin_nada_PB_sin_negativo": -0.5862043442769993, "REF_sin_nada_PB_sin_positivo": 1.4993959955087934, "REF_con_todo_PB_sin_negativo": -0.34876731009599915, "REF_con_todo_PB_sin_positivo": 1.7368330296897936, "REF_sin_negativo_PB_sin_positivo": 2.0856003397857927, "REF_0_2_PB_90": 2.966227799779793}, "Mir_Quad_Cubic_Interp_Exper_Sigm_k35_c0.7_iX": {"REF_sin_nada_PB_con_todo": -0.2371156108000001, "REF_sin_nada_PB_sin_negativo": -0.5858680960000004, "REF_sin_nada_PB_sin_positivo": 0.3751565335897933, "REF_con_todo_PB_sin_negativo": -0.34875248520000035, "REF_con_todo_PB_sin_positivo": 0.6122721443897934, "REF_sin_negativo_PB_sin_positivo": 0.9610246295897937, "REF_0_2_PB_90": 2.9660227253897933}, "Mir_Fibo_Lanc_Interp_Exper_Sigm_k35_c0.7_iX": {"REF_sin_nada_PB_con_todo": -0.23722800399999944, "REF_sin_nada_PB_sin_negativo": -0.5857356075999993, "REF_sin_nada_PB_sin_positivo": 1.5055319509947935, "REF_con_todo_PB_sin_negativo": -0.3485076035999999, "REF_con_todo_PB_sin_positivo": 1.742759954994793, "REF_sin_negativo_PB_sin_positivo": 2.091267558594793, "REF_0_2_PB_90": 2.966227508599793}, "Mir_Quad_Lanc_Interp_Exper_Sigm_k35_c0.7_iX": {"REF_sin_nada_PB_con_todo": -0.23724935490000032, "REF_sin_nada_PB_sin_negativo": -0.5859473059000004, "REF_sin_nada_PB_sin_positivo": 0.3750551306897929, "REF_con_todo_PB_sin_negativo": -0.3486979510000001, "REF_con_todo_PB_sin_positivo": 0.6123044855897932, "REF_sin_negativo_PB_sin_positivo": 0.9610024365897933, "REF_0_2_PB_90": 2.966431608589793}, "Rot_Naive_Fibo_Cubic_Interp_Exper_Sigm_k35_c0.7_iX": {"REF_sin_nada_PB_con_todo": -0.17835154650499963, "REF_sin_nada_PB_sin_negativo": -0.5866918564999999, "REF_sin_nada_PB_sin_positivo": 0.13359866159999978, "REF_con_todo_PB_sin_negativo": -0.42511113242999965, "REF_con_todo_PB_sin_positivo": 0.552159739405, "REF_sin_negativo_PB_sin_positivo": 0.7351795401999999, "REF_0_2_PB_90": 2.929059936}, "Rot_Naive_Quad_Cubic_Interp_Exper_Sigm_k35_c0.7_iX": {"REF_sin_nada_PB_con_todo": -0.2852640199999996, "REF_sin_nada_PB_sin_negativo": -0.586289946, "REF_sin_nada_PB_sin_positivo": 0.5776404599999996, "REF_con_todo_PB_sin_negativo": -0.24248669899999964, "REF_con_todo_PB_sin_positivo": 0.6834736304, "REF_sin_negativo_PB_sin_positivo": 0.7380803700000005, "REF_0_2_PB_90": 2.929836289}, "Rot_Naive_Fibo_Lanc_Interp_Exper_Sigm_k35_c0.7_iX": {"REF_sin_nada_PB_con_todo": -0.1790074822000003, "REF_sin_nada_PB_sin_negativo": -0.5866918564999999, "REF_sin_nada_PB_sin_positivo": 0.13458703905299974, "REF_con_todo_PB_sin_negativo": -0.42443651468, "REF_con_todo_PB_sin_positivo": 0.5510261361240003, "REF_sin_negativo_PB_sin_positivo": 0.7351587633000003, "REF_0_2_PB_90": 2.929059936}, "Rot_Naive_Quad_Lanc_Interp_Exper_Sigm_k35_c0.7_iX": {"REF_sin_nada_PB_con_todo": -0.28630600999999967, "REF_sin_nada_PB_sin_negativo": -0.5863427999999997, "REF_sin_nada_PB_sin_positivo": 0.13494538199999973, "REF_con_todo_PB_sin_negativo": -0.24250485690000012, "REF_con_todo_PB_sin_positivo": 0.6834781114000004, "REF_sin_negativo_PB_sin_positivo": 0.7402463279999996, "REF_0_2_PB_90": 2.929545778}, "Rel_Rot_Fourier_Phase_Correlat_Exper_Sigm_k35_c0.7_iX": {"REF_sin_nada_PB_con_todo": -0.12548917321839248, "REF_sin_nada_PB_sin_negativo": -0.792379480405426, "REF_sin_nada_PB_sin_positivo": -0.056897733615015156, "REF_con_todo_PB_sin_negativo": -0.34854225162326724, "REF_con_todo_PB_sin_positivo": 0.5412266010434416, "REF_sin_negativo_PB_sin_positivo": 0.9032078879070654, "REF_0_2_PB_90": -0.7393214711447982}, "Histo_Intra_Class_Var_Exper_Sigm_k35_c0.7_iX": {"REF_sin_nada_PB_con_todo": -0.06369256338784801, "REF_sin_nada_PB_sin_negativo": -0.3201842375713433, "REF_sin_nada_PB_sin_positivo": 0.5009334039422629, "REF_con_todo_PB_sin_negativo": -0.2564916741834953, "REF_con_todo_PB_sin_positivo": 0.5646259673301107, "REF_sin_negativo_PB_sin_positivo": 0.8211176415136062, "REF_0_2_PB_90": 3.021093209342513}, "Grad_Regress_Exper_Sigm_k35_c0.7_iX": {"REF_sin_nada_PB_con_todo": -1.0903244021597347, "REF_sin_nada_PB_sin_negativo": 0.24685782245904875, "REF_sin_nada_PB_sin_positivo": 0.13601030434734063, "REF_con_todo_PB_sin_negativo": 1.3371822246187832, "REF_con_todo_PB_sin_positivo": 1.226334706507075, "REF_sin_negativo_PB_sin_positivo": -0.1108475181117079, "REF_0_2_PB_90": 2.6600383118388984}}, "times": {"Rot_Kalkandjiev_Fibo_Cubic_Interp_Exper_Sigm_k35_c0.7_iX": {"REF_sin_nada_PB_con_todo": 0.187, "REF_sin_nada_PB_sin_negativo": 0.22999999999999998, "REF_sin_nada_PB_sin_positivo": 0.22, "REF_con_todo_PB_sin_negativo": 0.243, "REF_con_todo_PB_sin_positivo": 0.20500000000000002, "REF_sin_negativo_PB_sin_positivo": 0.22999999999999998, "REF_0_2_PB_90": 0.22999999999999998}, "Rot_Kalkandjiev_Quad_Cubic_Interp_Exper_Sigm_k35_c0.7_iX": {"REF_sin_nada_PB_con_todo": 0.147, "REF_sin_nada_PB_sin_negativo": 0.14600000000000002, "REF_sin_nada_PB_sin_positivo": 0.13, "REF_con_todo_PB_sin_negativo": 0.152, "REF_con_todo_PB_sin_positivo": 0.138, "REF_sin_negativo_PB_sin_positivo": 0.138, "REF_0_2_PB_90": 0.14400000000000002}, "Rot_Kalkandjiev_Fibo_Lanc_Interp_Exper_Sigm_k35_c0.7_iX": {"REF_sin_nada_PB_con_todo": 0.37, "REF_sin_nada_PB_sin_negativo": 0.34, "REF_sin_nada_PB_sin_positivo": 0.35, "REF_con_todo_PB_sin_negativo": 0.4, "REF_con_todo_PB_sin_positivo": 0.38, "REF_sin_negativo_PB_sin_positivo": 0.34, "REF_0_2_PB_90": 0.41000000000000003}, "Rot_Kalkandjiev_Quad_Lanc_Interp_Exper_Sigm_k35_c0.7_iX": {"REF_sin_nada_PB_con_todo": 0.25, "REF_sin_nada_PB_sin_negativo": 0.219, "REF_sin_nada_PB_sin_positivo": 0.22, "REF_con_todo_PB_sin_negativo": 0.22, "REF_con_todo_PB_sin_positivo": 0.22, "REF_sin_negativo_PB_sin_positivo": 0.21000000000000002, "REF_0_2_PB_90": 0.22}, "Mir_Fibo_Cubic_Interp_Exper_Sigm_k35_c0.7_iX": {"REF_sin_nada_PB_con_todo": 0.213, "REF_sin_nada_PB_sin_negativo": 0.22, "REF_sin_nada_PB_sin_positivo": 0.194, "REF_con_todo_PB_sin_negativo": 0.2, "REF_con_todo_PB_sin_positivo": 0.184, "REF_sin_negativo_PB_sin_positivo": 0.189, "REF_0_2_PB_90": 0.197},