{"image_pair_names": ["REF_ezer_PB_bixek", "REF_ezer_PB_sin_negat", "REF_ezer_PB_sin_posit", "REF_bixek_PB_sin_negat", "REF_bixek_PB_sin_posit", "REF_sin_negat_PB_sin_posit"], "predicted_delta_phiCRs": {"Simulation_Grav_Prepr_Triplet_DS_Exper_Searc_NM": {}, "Simulation_Geom_Prepr_Max_DS_Exper_Searc_NM": {"REF_ezer_PB_bixek": -0.16136999965502064, "REF_ezer_PB_sin_negat": -0.5869538444043405, "REF_ezer_PB_sin_posit": 0.40321534702878314, "REF_bixek_PB_sin_negat": -0.425583844749319, "REF_bixek_PB_sin_posit": 0.564585346683804, "REF_sin_negat_PB_sin_posit": 0.9901691914331233}, "Simulation_Geom_Prepr_Max_DS_Exper_Searc_P": {"REF_ezer_PB_bixek": -0.1698155780000974, "REF_ezer_PB_sin_negat": -0.5755781940273312, "REF_ezer_PB_sin_posit": 0.4672009705770397, "REF_bixek_PB_sin_negat": -0.40576261602723207, "REF_bixek_PB_sin_posit": 0.6370165485771375, "REF_sin_negat_PB_sin_posit": 1.04277916460437}, "Simulation_Geom_Prepr_Sigm_cent_0.1_slp_35_DS_Exper_Searc_NM": {"REF_ezer_PB_bixek": -0.2194449929759852, "REF_ezer_PB_sin_negat": -0.6253568877432052, "REF_ezer_PB_sin_posit": 0.3797403761914522, "REF_bixek_PB_sin_negat": -0.40591189476722, "REF_bixek_PB_sin_posit": 0.5991853691674369, "REF_sin_negat_PB_sin_posit": 1.0050972639346567}, "Simulation_Geom_Prepr_Sigm_cent_0.1_slp_35_DS_Exper_Searc_P": {"REF_ezer_PB_bixek": -0.1698155780000974, "REF_ezer_PB_sin_negat": -0.5755781940273312, "REF_ezer_PB_sin_posit": 0.4672009705770397, "REF_bixek_PB_sin_negat": -0.40576261602723207, "REF_bixek_PB_sin_posit": 0.6370165485771375, "REF_sin_negat_PB_sin_posit": 1.04277916460437}}, "times": {"Simulation_Grav_Prepr_Triplet_DS_Exper_Searc_NM": {}, "Simulation_Geom_Prepr_Max_DS_Exper_Searc_NM": {"REF_ezer_PB_bixek": 0.6445369720458984, "REF_ezer_PB_sin_negat": 0.6197161674499512, "REF_ezer_PB_sin_posit": 0.6161084175109863, "REF_bixek_PB_sin_negat": 0.609522819519043, "REF_bixek_PB_sin_posit": 0.6350724697113037, "REF_sin_negat_PB_sin_posit": 0.6354403495788574}, "Simulation_Geom_Prepr_Max_DS_Exper_Searc_P": {"REF_ezer_PB_bixek": 0.6109485626220703, "REF_ezer_PB_sin_negat": 0.6040079593658447, "REF_ezer_PB_sin_posit": 0.5856907367706299, "REF_bixek_PB_sin_negat": 0.6056802272796631, "REF_bixek_PB_sin_posit": 0.5746560096740723, "REF_sin_negat_PB_sin_posit": 0.5767297744750977}, "Simulation_Geom_Prepr_Sigm_cent_0.1_slp_35_DS_Exper_Searc_NM": {"REF_ezer_PB_bixek": 0.6422824859619141, "REF_ezer_PB_sin_negat": 0.6454319953918457, "REF_ezer_PB_sin_posit": 0.6332235336303711, "REF_bixek_PB_sin_negat": 0.6334736347198486, "REF_bixek_PB_sin_posit": 0.633608341217041, "REF_sin_negat_PB_sin_posit": 0.6327662467956543}, "Simulation_Geom_Prepr_Sigm_cent_0.1_slp_35_DS_Exper_Searc_P": {"REF_ezer_PB_bixek": 0.5761702060699463, "REF_ezer_PB_sin_negat": 0.5761072635650635, "REF_ezer_PB_sin_posit": 0.593940258026123, "REF_bixek_PB_sin_negat": 0.6019635200500488, "REF_bixek_PB_sin_posit": 0.5778908729553223, "REF_sin_negat_PB_sin_posit": 0.6030888557434082}}}