{"image_pair_names": ["REF_ezer_PB_bixek", "REF_ezer_PB_sin_negat", "REF_ezer_PB_sin_posit", "REF_bixek_PB_sin_negat", "REF_bixek_PB_sin_posit", "REF_sin_negat_PB_sin_posit"], "predicted_delta_phiCRs": {"Simulation_Grav_Prepr_Sigm_cent_0.1_slp_35_DS_Exper_Searc_NM": {"REF_ezer_PB_bixek": -0.13464271790232551, "REF_ezer_PB_sin_negat": -0.6104382453105162, "REF_ezer_PB_sin_posit": 0.17178464884385325, "REF_bixek_PB_sin_negat": -0.47579552740819153, "REF_bixek_PB_sin_posit": 0.3064273667461903, "REF_sin_negat_PB_sin_posit": 0.7822228941543814}, "Simulation_Grav_Prepr_Sigm_cent_0.1_slp_35_DS_Exper_Searc_P": {"REF_ezer_PB_bixek": -0.2137356173931062, "REF_ezer_PB_sin_negat": -0.5617583042311969, "REF_ezer_PB_sin_posit": 0.4651850300834037, "REF_bixek_PB_sin_negat": -0.34802268683809157, "REF_bixek_PB_sin_posit": 0.67892064747651, "REF_sin_negat_PB_sin_posit": 1.0269433343146013}}, "times": {"Simulation_Grav_Prepr_Sigm_cent_0.1_slp_35_DS_Exper_Searc_NM": {"REF_ezer_PB_bixek": 0.7679650783538818, "REF_ezer_PB_sin_negat": 0.7396869659423828, "REF_ezer_PB_sin_posit": 0.7218937873840332, "REF_bixek_PB_sin_negat": 0.7057702541351318, "REF_bixek_PB_sin_posit": 0.7051749229431152, "REF_sin_negat_PB_sin_posit": 0.7157986164093018}, "Simulation_Grav_Prepr_Sigm_cent_0.1_slp_35_DS_Exper_Searc_P": {"REF_ezer_PB_bixek": 0.6710159778594971, "REF_ezer_PB_sin_negat": 0.6723721027374268, "REF_ezer_PB_sin_posit": 0.6799321174621582, "REF_bixek_PB_sin_negat": 0.6835911273956299, "REF_bixek_PB_sin_posit": 0.6761965751647949, "REF_sin_negat_PB_sin_posit": 0.6860911846160889}}}