{"image_pair_names": ["REF_Sin_ninguno_PB_Con_las_dos", "REF_Sin_ninguno_PB_Sin_negativo", "REF_Sin_ninguno_PB_Sin_positivo", "REF_Con_las_dos_PB_Sin_negativo", "REF_Con_las_dos_PB_Sin_positivo", "REF_Sin_negativo_PB_Sin_positivo", "REF_0_PB_90"], "predicted_delta_phiCRs": {"Rot_Kalkandjiev_Fibo_Cubic_Interp_Exper_Sat_5per_iX": {"REF_Sin_ninguno_PB_Con_las_dos": -0.15636486996500043, "REF_Sin_ninguno_PB_Sin_negativo": -0.3045368838045004, "REF_Sin_ninguno_PB_Sin_positivo": 0.47682947743199966, "REF_Con_las_dos_PB_Sin_negativo": -0.14817201383949996, "REF_Con_las_dos_PB_Sin_positivo": 0.6331943473970001, "REF_Sin_negativo_PB_Sin_positivo": 0.7813663612365, "REF_0_PB_90": -3.1426526293167933}, "Rot_Kalkandjiev_Quad_Cubic_Interp_Exper_Sat_5per_iX": {"REF_Sin_ninguno_PB_Con_las_dos": -0.15648685800000006, "REF_Sin_ninguno_PB_Sin_negativo": -0.3041561210000001, "REF_Sin_ninguno_PB_Sin_positivo": 0.4741148205000001, "REF_Con_las_dos_PB_Sin_negativo": -0.14766926300000005, "REF_Con_las_dos_PB_Sin_positivo": 0.6306016785000002, "REF_Sin_negativo_PB_Sin_positivo": 0.7782709415000002, "REF_0_PB_90": 2.3281760139397925}, "Rot_Kalkandjiev_Fibo_Lanc_Interp_Exper_Sat_5per_iX": {"REF_Sin_ninguno_PB_Con_las_dos": -0.15659436809150007, "REF_Sin_ninguno_PB_Sin_negativo": -0.3045391082144997, "REF_Sin_ninguno_PB_Sin_positivo": 0.47682979934549996, "REF_Con_las_dos_PB_Sin_negativo": -0.14794474012299963, "REF_Con_las_dos_PB_Sin_positivo": 0.633424167437, "REF_Sin_negativo_PB_Sin_positivo": 0.7813689075599997, "REF_0_PB_90": -3.1489045525932933}, "Rot_Kalkandjiev_Quad_Lanc_Interp_Exper_Sat_5per_iX": {"REF_Sin_ninguno_PB_Con_las_dos": -0.15680877219999978, "REF_Sin_ninguno_PB_Sin_negativo": -0.3045675831499999, "REF_Sin_ninguno_PB_Sin_positivo": 0.47371228435000035, "REF_Con_las_dos_PB_Sin_negativo": -0.1477588109500001, "REF_Con_las_dos_PB_Sin_positivo": 0.6305210565500001, "REF_Sin_negativo_PB_Sin_positivo": 0.7782798675000002, "REF_0_PB_90": 2.3282182973397934}, "Mir_Fibo_Cubic_Interp_Exper_Sat_5per_iX": {"REF_Sin_ninguno_PB_Con_las_dos": -0.156529497078, "REF_Sin_ninguno_PB_Sin_negativo": -0.30467835555799994, "REF_Sin_ninguno_PB_Sin_positivo": 0.47343962097479286, "REF_Con_las_dos_PB_Sin_negativo": -0.14814885847999992, "REF_Con_las_dos_PB_Sin_positivo": 0.6299691180527929, "REF_Sin_negativo_PB_Sin_positivo": 0.7781179765327928, "REF_0_PB_90": -3.205454371139793}, "Mir_Quad_Cubic_Interp_Exper_Sat_5per_iX": {"REF_Sin_ninguno_PB_Con_las_dos": -0.15662527159999984, "REF_Sin_ninguno_PB_Sin_negativo": -0.30437231901000006, "REF_Sin_ninguno_PB_Sin_positivo": 0.47401741427979305, "REF_Con_las_dos_PB_Sin_negativo": -0.14774704741000022, "REF_Con_las_dos_PB_Sin_positivo": 0.6306426858797929, "REF_Sin_negativo_PB_Sin_positivo": 0.7783897332897931, "REF_0_PB_90": 2.256768930709793}, "Mir_Fibo_Lanc_Interp_Exper_Sat_5per_iX": {"REF_Sin_ninguno_PB_Con_las_dos": -0.15484940668900027, "REF_Sin_ninguno_PB_Sin_negativo": -0.3044828831840003, "REF_Sin_ninguno_PB_Sin_positivo": 0.47344176209779265, "REF_Con_las_dos_PB_Sin_negativo": -0.14963347649500003, "REF_Con_las_dos_PB_Sin_positivo": 0.6282911687867929, "REF_Sin_negativo_PB_Sin_positivo": 0.777924645281793, "REF_0_PB_90": -3.204875804237793}, "Mir_Quad_Lanc_Interp_Exper_Sat_5per_iX": {"REF_Sin_ninguno_PB_Con_las_dos": -0.15657347729999982, "REF_Sin_ninguno_PB_Sin_negativo": -0.3045925090999999, "REF_Sin_ninguno_PB_Sin_positivo": 0.47386029488979275, "REF_Con_las_dos_PB_Sin_negativo": -0.1480190318000001, "REF_Con_las_dos_PB_Sin_positivo": 0.6304337721897926, "REF_Sin_negativo_PB_Sin_positivo": 0.7784528039897927, "REF_0_PB_90": 2.2564559437897933}, "Rot_Naive_Fibo_Cubic_Interp_Exper_Sat_5per_iX": {"REF_Sin_ninguno_PB_Con_las_dos": -0.19188637049400015, "REF_Sin_ninguno_PB_Sin_negativo": -0.2505053349680004, "REF_Sin_ninguno_PB_Sin_positivo": 0.49009752745199986, "REF_Con_las_dos_PB_Sin_negativo": -0.1474728168289996, "REF_Con_las_dos_PB_Sin_positivo": 0.6484274795039999, "REF_Sin_negativo_PB_Sin_positivo": 0.7408856972199995, "REF_0_PB_90": -3.089186619149586}, "Rot_Naive_Quad_Cubic_Interp_Exper_Sat_5per_iX": {"REF_Sin_ninguno_PB_Con_las_dos": -0.2029285021999998, "REF_Sin_ninguno_PB_Sin_negativo": -0.3012368816000004, "REF_Sin_ninguno_PB_Sin_positivo": 0.49152592599999956, "REF_Con_las_dos_PB_Sin_negativo": -0.14638116570000026, "REF_Con_las_dos_PB_Sin_positivo": 0.6338553462999998, "REF_Sin_negativo_PB_Sin_positivo": 0.7295247949999997, "REF_0_PB_90": 3.1353708677}, "Rot_Naive_Fibo_Lanc_Interp_Exper_Sat_5per_iX": {"REF_Sin_ninguno_PB_Con_las_dos": -0.1915982392600002, "REF_Sin_ninguno_PB_Sin_negativo": -0.2500929975749999, "REF_Sin_ninguno_PB_Sin_positivo": 0.4901874095109999, "REF_Con_las_dos_PB_Sin_negativo": -0.14720963792600017, "REF_Con_las_dos_PB_Sin_positivo": 0.6485514103770003, "REF_Sin_negativo_PB_Sin_positivo": 0.7399474240929997, "REF_0_PB_90": -3.089186619149586}, "Rot_Naive_Quad_Lanc_Interp_Exper_Sat_5per_iX": {"REF_Sin_ninguno_PB_Con_las_dos": -0.19161862959999976, "REF_Sin_ninguno_PB_Sin_negativo": -0.2960973100000004, "REF_Sin_ninguno_PB_Sin_positivo": 0.4902812540000001, "REF_Con_las_dos_PB_Sin_negativo": -0.1463741600999997, "REF_Con_las_dos_PB_Sin_positivo": 0.6329415637000002, "REF_Sin_negativo_PB_Sin_positivo": 0.7294317100000001, "REF_0_PB_90": 3.1343281648}, "Rel_Rot_Fourier_Phase_Correlat_Exper_Sat_5per_iX": {"REF_Sin_ninguno_PB_Con_las_dos": -0.022340214425527805, "REF_Sin_ninguno_PB_Sin_negativo": -0.29949849964222697, "REF_Sin_ninguno_PB_Sin_positivo": 0.44401176170735746, "REF_Con_las_dos_PB_Sin_negativo": -0.15236724369910526, "REF_Con_las_dos_PB_Sin_positivo": 0.6204645490839842, "REF_Sin_negativo_PB_Sin_positivo": 0.7592182246175333, "REF_0_PB_90": 3.1244884269202484}, "Histo_Intra_Class_Var_Exper_Sat_5per_iX": {"REF_Sin_ninguno_PB_Con_las_dos": 0.12566370614359174, "REF_Sin_ninguno_PB_Sin_negativo": 0.1308279680399037, "REF_Sin_ninguno_PB_Sin_positivo": 0.3804339596949831, "REF_Con_las_dos_PB_Sin_negativo": -0.05680688085943153, "REF_Con_las_dos_PB_Sin_positivo": 0.25477025355139143, "REF_Sin_negativo_PB_Sin_positivo": 0.24960599165507946, "REF_0_PB_90": 2.823129836650554}, "Grad_Regress_Exper_Sat_5per_iX": {"REF_Sin_ninguno_PB_Con_las_dos": -0.10483148598348002, "REF_Sin_ninguno_PB_Sin_negativo": -0.18006993598121301, "REF_Sin_ninguno_PB_Sin_positivo": 0.37177944653313144, "REF_Con_las_dos_PB_Sin_negativo": -0.07523844999773299, "REF_Con_las_dos_PB_Sin_positivo": 0.47661093251661146, "REF_Sin_negativo_PB_Sin_positivo": 0.5518493825143445, "REF_0_PB_90": 3.019352541712824}}, "times": {"Rot_Kalkandjiev_Fibo_Cubic_Interp_Exper_Sat_5per_iX": {"REF_Sin_ninguno_PB_Con_las_dos": 0.43, "REF_Sin_ninguno_PB_Sin_negativo": 0.44, "REF_Sin_ninguno_PB_Sin_positivo": 0.44, "REF_Con_las_dos_PB_Sin_negativo": 0.43, "REF_Con_las_dos_PB_Sin_positivo": 0.42000000000000004, "REF_Sin_negativo_PB_Sin_positivo": 0.41000000000000003, "REF_0_PB_90": 0.38}, "Rot_Kalkandjiev_Quad_Cubic_Interp_Exper_Sat_5per_iX": {"REF_Sin_ninguno_PB_Con_las_dos": 0.27, "REF_Sin_ninguno_PB_Sin_negativo": 0.25, "REF_Sin_ninguno_PB_Sin_positivo": 0.26, "REF_Con_las_dos_PB_Sin_negativo": 0.25, "REF_Con_las_dos_PB_Sin_positivo": 0.25, "REF_Sin_negativo_PB_Sin_positivo": 0.24, "REF_0_PB_90": 0.22999999999999998}, "Rot_Kalkandjiev_Fibo_Lanc_Interp_Exper_Sat_5per_iX": {"REF_Sin_ninguno_PB_Con_las_dos": 0.6799999999999999, "REF_Sin_ninguno_PB_Sin_negativo": 0.6699999999999999, "REF_Sin_ninguno_PB_Sin_positivo": 0.69, "REF_Con_las_dos_PB_Sin_negativo": 0.66, "REF_Con_las_dos_PB_Sin_positivo": 0.68, "REF_Sin_negativo_PB_Sin_positivo": 0.64, "REF_0_PB_90": 0.6200000000000001}, "Rot_Kalkandjiev_Quad_Lanc_Interp_Exper_Sat_5per_iX": {"REF_Sin_ninguno_PB_Con_las_dos": 0.44999999999999996, "REF_Sin_ninguno_PB_Sin_negativo": 0.46, "REF_Sin_ninguno_PB_Sin_positivo": 0.52, "REF_Con_las_dos_PB_Sin_negativo": 0.45, "REF_Con_las_dos_PB_Sin_positivo": 0.42000000000000004, "REF_Sin_negativo_PB_Sin_positivo": 0.5, "REF_0_PB_90": 0.41000000000000003},