{"image_pair_names": ["REF_ezer_PB_bixek", "REF_ezer_PB_sin_negat", "REF_ezer_PB_sin_posit", "REF_bixek_PB_sin_negat", "REF_bixek_PB_sin_posit", "REF_sin_negat_PB_sin_posit"], "predicted_delta_phiCRs": {"Rot_Kalkandjiev_Fibo_Cubic_Interp_Exper_Sigm_k35_c0.7_iX": {"REF_ezer_PB_bixek": -0.8969605561260865, "REF_ezer_PB_sin_negat": 0.6730943920535, "REF_ezer_PB_sin_posit": 0.7341255219685001, "REF_bixek_PB_sin_negat": 1.5700549481795865, "REF_bixek_PB_sin_posit": 1.6310860780945866, "REF_sin_negat_PB_sin_posit": 0.06103112991500015}, "Rot_Kalkandjiev_Quad_Cubic_Interp_Exper_Sigm_k35_c0.7_iX": {"REF_ezer_PB_bixek": -0.157145859589793, "REF_ezer_PB_sin_negat": 0.6724266440000002, "REF_ezer_PB_sin_posit": 0.733643284, "REF_bixek_PB_sin_negat": 0.8295725035897932, "REF_bixek_PB_sin_posit": 0.890789143589793, "REF_sin_negat_PB_sin_posit": 0.06121663999999982}, "Rot_Kalkandjiev_Fibo_Lanc_Interp_Exper_Sigm_k35_c0.7_iX": {"REF_ezer_PB_bixek": -0.8964730339850004, "REF_ezer_PB_sin_negat": 0.6735454305150002, "REF_ezer_PB_sin_posit": 0.7345166950150002, "REF_bixek_PB_sin_negat": 1.5700184645000006, "REF_bixek_PB_sin_posit": 1.6309897290000006, "REF_sin_negat_PB_sin_posit": 0.06097126450000001}, "Rot_Kalkandjiev_Quad_Lanc_Interp_Exper_Sigm_k35_c0.7_iX": {"REF_ezer_PB_bixek": -0.15544281199999999, "REF_ezer_PB_sin_negat": 0.674611268, "REF_ezer_PB_sin_posit": 0.7356298829999999, "REF_bixek_PB_sin_negat": 0.83005408, "REF_bixek_PB_sin_posit": 0.8910726949999999, "REF_sin_negat_PB_sin_posit": 0.06101861499999983}, "Mir_Fibo_Cubic_Interp_Exper_Sigm_k35_c0.7_iX": {"REF_ezer_PB_bixek": 0.0027326629999997465, "REF_ezer_PB_sin_negat": 1.5735298165897929, "REF_ezer_PB_sin_posit": 1.6336009419999997, "REF_bixek_PB_sin_negat": 1.570797153589793, "REF_bixek_PB_sin_posit": 1.630868279, "REF_sin_negat_PB_sin_posit": 0.06007112541020687}, "Mir_Quad_Cubic_Interp_Exper_Sigm_k35_c0.7_iX": {"REF_ezer_PB_bixek": 0.0007812000009995933, "REF_ezer_PB_sin_negat": 1.5715738535897925, "REF_ezer_PB_sin_posit": 1.6315150599999997, "REF_bixek_PB_sin_negat": 1.5707926535887928, "REF_bixek_PB_sin_posit": 1.630733859999, "REF_sin_negat_PB_sin_posit": 0.05994120641020717}, "Mir_Fibo_Lanc_Interp_Exper_Sigm_k35_c0.7_iX": {"REF_ezer_PB_bixek": 0.0024734699999999776, "REF_ezer_PB_sin_negat": 1.573270623589793, "REF_ezer_PB_sin_posit": 1.6333417493, "REF_bixek_PB_sin_negat": 1.570797153589793, "REF_bixek_PB_sin_posit": 1.6308682793, "REF_sin_negat_PB_sin_posit": 0.060071125710206896}, "Mir_Quad_Lanc_Interp_Exper_Sigm_k35_c0.7_iX": {"REF_ezer_PB_bixek": 0.0025784980010000957, "REF_ezer_PB_sin_negat": 1.573371151589793, "REF_ezer_PB_sin_posit": 1.633286931, "REF_bixek_PB_sin_negat": 1.5707926535887928, "REF_bixek_PB_sin_posit": 1.6307084329989998, "REF_sin_negat_PB_sin_posit": 0.05991577941020698}, "Rot_Naive_Fibo_Cubic_Interp_Exper_Sigm_k35_c0.7_iX": {"REF_ezer_PB_bixek": 2.2583691143000006, "REF_ezer_PB_sin_negat": 0.00022081117958627772, "REF_ezer_PB_sin_posit": 0.7742175309999997, "REF_bixek_PB_sin_negat": -0.23500242009700045, "REF_bixek_PB_sin_posit": 0.42093897759999965, "REF_sin_negat_PB_sin_posit": 3.141039808}, "Rot_Naive_Quad_Cubic_Interp_Exper_Sigm_k35_c0.7_iX": {"REF_ezer_PB_bixek": 0.19991708999999958, "REF_ezer_PB_sin_negat": -0.32399361999999954, "REF_ezer_PB_sin_posit": 0.7742180899999997, "REF_bixek_PB_sin_negat": -0.11188826999999968, "REF_bixek_PB_sin_posit": 0.41003393300000024, "REF_sin_negat_PB_sin_posit": -3.135360527179586}, "Rot_Naive_Fibo_Lanc_Interp_Exper_Sigm_k35_c0.7_iX": {"REF_ezer_PB_bixek": 3.135381053, "REF_ezer_PB_sin_negat": -0.0017874071795862534, "REF_ezer_PB_sin_posit": 0.7743554383380005, "REF_bixek_PB_sin_negat": -0.23530918899999964, "REF_bixek_PB_sin_posit": 0.7816676539999996, "REF_sin_negat_PB_sin_posit": -3.135368340080586}, "Rot_Naive_Quad_Lanc_Interp_Exper_Sigm_k35_c0.7_iX": {"REF_ezer_PB_bixek": 3.133907, "REF_ezer_PB_sin_negat": -0.0019040071795863867, "REF_ezer_PB_sin_posit": 0.6918796330000001, "REF_bixek_PB_sin_negat": -0.09959119400000027, "REF_bixek_PB_sin_posit": -0.1873438089999997, "REF_sin_negat_PB_sin_posit": -3.135687947179586}, "Rel_Rot_Fourier_Phase_Correlat_Exper_Sigm_k35_c0.7_iX": {"REF_ezer_PB_bixek": -0.14835298641951766, "REF_ezer_PB_sin_negat": -0.2590068609959584, "REF_ezer_PB_sin_posit": 0.7374016089676042, "REF_bixek_PB_sin_negat": -0.31590459461097353, "REF_bixek_PB_sin_posit": 0.8874999246391164, "REF_sin_negat_PB_sin_posit": 1.423490537926575}, "Histo_Intra_Class_Var_Exper_Sigm_k35_c0.7_iX": {"REF_ezer_PB_bixek": 0.06541398401995185, "REF_ezer_PB_sin_negat": 0.5491331816411748, "REF_ezer_PB_sin_posit": 0.8899744667977659, "REF_bixek_PB_sin_negat": 0.4837191976212229, "REF_bixek_PB_sin_posit": 0.8245604827778141, "REF_sin_negat_PB_sin_posit": 0.3408412851565913}, "Grad_Regress_Exper_Sigm_k35_c0.7_iX": {"REF_ezer_PB_bixek": -0.01703536186531629, "REF_ezer_PB_sin_negat": -0.3342060987816735, "REF_ezer_PB_sin_posit": 1.9334666070521473, "REF_bixek_PB_sin_negat": -0.3171707369163572, "REF_bixek_PB_sin_posit": 1.9505019689174636, "REF_sin_negat_PB_sin_posit": 2.267672705833821}}, "times": {"Rot_Kalkandjiev_Fibo_Cubic_Interp_Exper_Sigm_k35_c0.7_iX": {"REF_ezer_PB_bixek": 0.089, "REF_ezer_PB_sin_negat": 0.10200000000000001, "REF_ezer_PB_sin_posit": 0.124, "REF_bixek_PB_sin_negat": 0.067, "REF_bixek_PB_sin_posit": 0.09, "REF_sin_negat_PB_sin_posit": 0.10400000000000001}, "Rot_Kalkandjiev_Quad_Cubic_Interp_Exper_Sigm_k35_c0.7_iX": {"REF_ezer_PB_bixek": 0.07, "REF_ezer_PB_sin_negat": 0.066, "REF_ezer_PB_sin_posit": 0.068, "REF_bixek_PB_sin_negat": 0.06, "REF_bixek_PB_sin_posit": 0.065, "REF_sin_negat_PB_sin_posit": 0.063}, "Rot_Kalkandjiev_Fibo_Lanc_Interp_Exper_Sigm_k35_c0.7_iX": {"REF_ezer_PB_bixek": 0.176, "REF_ezer_PB_sin_negat": 0.21500000000000002, "REF_ezer_PB_sin_posit": 0.229, "REF_bixek_PB_sin_negat": 0.132, "REF_bixek_PB_sin_posit": 0.14600000000000002, "REF_sin_negat_PB_sin_posit": 0.185}, "Rot_Kalkandjiev_Quad_Lanc_Interp_Exper_Sigm_k35_c0.7_iX": {"REF_ezer_PB_bixek": 0.14, "REF_ezer_PB_sin_negat": 0.135, "REF_ezer_PB_sin_posit": 0.16799999999999998, "REF_bixek_PB_sin_negat": 0.127, "REF_bixek_PB_sin_posit": 0.14700000000000002, "REF_sin_negat_PB_sin_posit": 0.133}, "Mir_Fibo_Cubic_Interp_Exper_Sigm_k35_c0.7_iX": {"REF_ezer_PB_bixek": 0.065, "REF_ezer_PB_sin_negat": 0.065, "REF_ezer_PB_sin_posit": 0.083, "REF_bixek_PB_sin_negat": 0.047, "REF_bixek_PB_sin_posit": 0.066, "REF_sin_negat_PB_sin_posit": 0.064}, "Mir_Quad_Cubic_Interp_Exper_Sigm_k35_c0.7_iX": {"REF_ezer_PB_bixek": 0.044, "REF_ezer_PB_sin_negat": 0.044, "REF_ezer_PB_sin_posit": 0.055999999999999994, "REF_bixek_PB_sin_negat": 0.036, "REF_bixek_PB_sin_posit": 0.048, "REF_sin_negat_PB_sin_posit": 0.048}, "Mir_Fibo_Lanc_Interp_Exper_Sigm_k35_c0.7_iX": {"REF_ezer_PB_bixek": 0.139, "REF_ezer_PB_sin_negat": 0.137, "REF_ezer_PB_sin_posit": 0.181, "REF_bixek_PB_sin_negat": 0.105, "REF_bixek_PB_sin_posit": 0.15, "REF_sin_negat_PB_sin_posit": 0.149}, "Mir_Quad_Lanc_Interp_Exper_Sigm_k35_c0.7_iX": {"REF_ezer_PB_bixek": 0.124, "REF_ezer_PB_sin_negat": 0.133, "REF_ezer_PB_sin_posit": 0.168, "REF_bixek_PB_sin_negat": 0.08299999999999999, "REF_bixek_PB_sin_posit": 0.11299999999999999, "REF_sin_negat_PB_sin_posit": 0.11599999999999999}, "Rot_Naive_Fibo_Cubic_Interp_Exper_Sigm_k35_c0.7_iX": {"REF_ezer_PB_bixek": 0.049, "REF_ezer_PB_sin_negat": 0.043, "REF_ezer_PB_sin_posit": 0.041, "REF_bixek_PB_sin_negat": 0.057, "REF_bixek_PB_sin_posit": 0.042, "REF_sin_negat_PB_sin_posit": 0.033}, "Rot_Naive_Quad_Cubic_Interp_Exper_Sigm_k35_c0.7_iX": {"REF_ezer_PB_bixek": 0.037, "REF_ezer_PB_sin_negat": 0.034, "REF_ezer_PB_sin_posit": 0.036, "REF_bixek_PB_sin_negat": 0.034, "REF_bixek_PB_sin_posit": 0.037, "REF_sin_negat_PB_sin_posit": 0.029}, "Rot_Naive_Fibo_Lanc_Interp_Exper_Sigm_k35_c0.7_iX": {"REF_ezer_PB_bixek": 0.092, "REF_ezer_PB_sin_negat": 0.07, "REF_ezer_PB_sin_posit": 0.11, "REF_bixek_PB_sin_negat": 0.093, "REF_bixek_PB_sin_posit": 0.095, "REF_sin_negat_PB_sin_posit": 0.13},