{"image_pair_names": ["REF_Sin_ninguno_PB_Con_las_dos", "REF_Sin_ninguno_PB_Sin_negativo", "REF_Sin_ninguno_PB_Sin_positivo", "REF_Con_las_dos_PB_Sin_negativo", "REF_Con_las_dos_PB_Sin_positivo", "REF_Sin_negativo_PB_Sin_positivo", "REF_0_PB_90"], "predicted_delta_phiCRs": {"Rot_Kalkandjiev_Fibo_Cubic_Interp_Exper_Open_s11_toMean_iX": {"REF_Sin_ninguno_PB_Con_las_dos": -0.18252512290250023, "REF_Sin_ninguno_PB_Sin_negativo": -0.5816808973109999, "REF_Sin_ninguno_PB_Sin_positivo": 0.4134863703535001, "REF_Con_las_dos_PB_Sin_negativo": -0.3991557744084997, "REF_Con_las_dos_PB_Sin_positivo": 0.5960114932560003, "REF_Sin_negativo_PB_Sin_positivo": 0.9951672676645, "REF_0_PB_90": -2.673028619761293}, "Rot_Kalkandjiev_Quad_Cubic_Interp_Exper_Open_s11_toMean_iX": {"REF_Sin_ninguno_PB_Con_las_dos": -0.18304550185000013, "REF_Sin_ninguno_PB_Sin_negativo": -0.5818706202499999, "REF_Sin_ninguno_PB_Sin_positivo": 0.41330883445, "REF_Con_las_dos_PB_Sin_negativo": -0.3988251183999998, "REF_Con_las_dos_PB_Sin_positivo": 0.5963543363000001, "REF_Sin_negativo_PB_Sin_positivo": 0.9951794546999999, "REF_0_PB_90": -2.673036381939793}, "Rot_Kalkandjiev_Fibo_Lanc_Interp_Exper_Open_s11_toMean_iX": {"REF_Sin_ninguno_PB_Con_las_dos": -0.18288259631250003, "REF_Sin_ninguno_PB_Sin_negativo": -0.5820296777829999, "REF_Sin_ninguno_PB_Sin_positivo": 0.41313876378000014, "REF_Con_las_dos_PB_Sin_negativo": -0.3991470814704998, "REF_Con_las_dos_PB_Sin_positivo": 0.5960213600925002, "REF_Sin_negativo_PB_Sin_positivo": 0.995168441563, "REF_0_PB_90": -2.673029425627293}, "Rot_Kalkandjiev_Quad_Lanc_Interp_Exper_Open_s11_toMean_iX": {"REF_Sin_ninguno_PB_Con_las_dos": -0.18301537790000033, "REF_Sin_ninguno_PB_Sin_negativo": -0.5817960750000002, "REF_Sin_ninguno_PB_Sin_positivo": 0.41335668714999985, "REF_Con_las_dos_PB_Sin_negativo": -0.39878069709999986, "REF_Con_las_dos_PB_Sin_positivo": 0.5963720650500002, "REF_Sin_negativo_PB_Sin_positivo": 0.99515276215, "REF_0_PB_90": -2.6729620661197937}, "Mir_Fibo_Cubic_Interp_Exper_Open_s11_toMean_iX": {"REF_Sin_ninguno_PB_Con_las_dos": -0.18334305322300004, "REF_Sin_ninguno_PB_Sin_negativo": -0.5817954094517934, "REF_Sin_ninguno_PB_Sin_positivo": 0.4123733481559997, "REF_Con_las_dos_PB_Sin_negativo": -0.3984523562287934, "REF_Con_las_dos_PB_Sin_positivo": 0.5957164013789997, "REF_Sin_negativo_PB_Sin_positivo": 0.9941687576077931, "REF_0_PB_90": -2.67329859915}, "Mir_Quad_Cubic_Interp_Exper_Open_s11_toMean_iX": {"REF_Sin_ninguno_PB_Con_las_dos": -0.18335596869999993, "REF_Sin_ninguno_PB_Sin_negativo": -0.582064225289793, "REF_Sin_ninguno_PB_Sin_positivo": 0.4132408450999998, "REF_Con_las_dos_PB_Sin_negativo": -0.39870825658979303, "REF_Con_las_dos_PB_Sin_positivo": 0.5965968137999997, "REF_Sin_negativo_PB_Sin_positivo": 0.9953050703897928, "REF_0_PB_90": -2.6731527914}, "Mir_Fibo_Lanc_Interp_Exper_Open_s11_toMean_iX": {"REF_Sin_ninguno_PB_Con_las_dos": -0.18334287907500002, "REF_Sin_ninguno_PB_Sin_negativo": -0.5817954237667933, "REF_Sin_ninguno_PB_Sin_positivo": 0.41237073634300003, "REF_Con_las_dos_PB_Sin_negativo": -0.39845254469179325, "REF_Con_las_dos_PB_Sin_positivo": 0.595713615418, "REF_Sin_negativo_PB_Sin_positivo": 0.9941661601097933, "REF_0_PB_90": -2.673199535269}, "Mir_Quad_Lanc_Interp_Exper_Open_s11_toMean_iX": {"REF_Sin_ninguno_PB_Con_las_dos": -0.18309237219999996, "REF_Sin_ninguno_PB_Sin_negativo": -0.5819825788897934, "REF_Sin_ninguno_PB_Sin_positivo": 0.4127926237999997, "REF_Con_las_dos_PB_Sin_negativo": -0.39889020668979347, "REF_Con_las_dos_PB_Sin_positivo": 0.5958849959999997, "REF_Sin_negativo_PB_Sin_positivo": 0.9947752026897931, "REF_0_PB_90": -2.6733133674}, "Rot_Naive_Fibo_Cubic_Interp_Exper_Open_s11_toMean_iX": {"REF_Sin_ninguno_PB_Con_las_dos": -0.18303889022999975, "REF_Sin_ninguno_PB_Sin_negativo": -0.5702798284319996, "REF_Sin_ninguno_PB_Sin_positivo": 0.4067056179249997, "REF_Con_las_dos_PB_Sin_negativo": -0.3903912063980002, "REF_Con_las_dos_PB_Sin_positivo": 0.5895723689950003, "REF_Sin_negativo_PB_Sin_positivo": 0.988837967107, "REF_0_PB_90": -2.664445560516586}, "Rot_Naive_Quad_Cubic_Interp_Exper_Open_s11_toMean_iX": {"REF_Sin_ninguno_PB_Con_las_dos": -0.18301846860000026, "REF_Sin_ninguno_PB_Sin_negativo": -0.5699421337999997, "REF_Sin_ninguno_PB_Sin_positivo": 0.40712616999999973, "REF_Con_las_dos_PB_Sin_negativo": -0.39047265379999985, "REF_Con_las_dos_PB_Sin_positivo": 0.5889807769999997, "REF_Sin_negativo_PB_Sin_positivo": 0.9888380273999999, "REF_0_PB_90": -2.664298132679586}, "Rot_Naive_Fibo_Lanc_Interp_Exper_Open_s11_toMean_iX": {"REF_Sin_ninguno_PB_Con_las_dos": -0.18303882888, "REF_Sin_ninguno_PB_Sin_negativo": -0.5695578656649998, "REF_Sin_ninguno_PB_Sin_positivo": 0.4071261676760001, "REF_Con_las_dos_PB_Sin_negativo": -0.3901900290320004, "REF_Con_las_dos_PB_Sin_positivo": 0.5895728937799998, "REF_Sin_negativo_PB_Sin_positivo": 0.9882322238530001, "REF_0_PB_90": -2.664445157886586}, "Rot_Naive_Quad_Lanc_Interp_Exper_Open_s11_toMean_iX": {"REF_Sin_ninguno_PB_Con_las_dos": -0.1830981740000004, "REF_Sin_ninguno_PB_Sin_negativo": -0.5696560079999999, "REF_Sin_ninguno_PB_Sin_positivo": 0.40698661899999955, "REF_Con_las_dos_PB_Sin_negativo": -0.3904684669999998, "REF_Con_las_dos_PB_Sin_positivo": 0.5889800244999996, "REF_Sin_negativo_PB_Sin_positivo": 0.9889041305999999, "REF_0_PB_90": -2.6644659541795863}, "Rel_Rot_Fourier_Phase_Correlat_Exper_Open_s11_toMean_iX": {"REF_Sin_ninguno_PB_Con_las_dos": -0.18325957145940475, "REF_Sin_ninguno_PB_Sin_negativo": -0.5914920835008779, "REF_Sin_ninguno_PB_Sin_positivo": 0.42603487041181587, "REF_Con_las_dos_PB_Sin_negativo": -0.39810960237990667, "REF_Con_las_dos_PB_Sin_positivo": 0.6117379028240124, "REF_Sin_negativo_PB_Sin_positivo": 1.0065313796251298, "REF_0_PB_90": -2.716954046579573}, "Histo_Intra_Class_Var_Exper_Open_s11_toMean_iX": {"REF_Sin_ninguno_PB_Con_las_dos": 0.16697780131408763, "REF_Sin_ninguno_PB_Sin_negativo": -0.008607103160519713, "REF_Sin_ninguno_PB_Sin_positivo": 1.151630402877573, "REF_Con_las_dos_PB_Sin_negativo": 0.07057824591626384, "REF_Con_las_dos_PB_Sin_positivo": 0.9846526015634867, "REF_Sin_negativo_PB_Sin_positivo": 1.025966696733982, "REF_0_PB_90": -2.587295210052306}, "Grad_Regress_Exper_Open_s11_toMean_iX": {"REF_Sin_ninguno_PB_Con_las_dos": -0.13662555366584783, "REF_Sin_ninguno_PB_Sin_negativo": -0.49993189379417835, "REF_Sin_ninguno_PB_Sin_positivo": 0.34997722185455693, "REF_Con_las_dos_PB_Sin_negativo": -0.3633063401283305, "REF_Con_las_dos_PB_Sin_positivo": 0.4866027755204052, "REF_Sin_negativo_PB_Sin_positivo": 0.8499091156487357, "REF_0_PB_90": -2.5303821250697203}}, "times": {"Rot_Kalkandjiev_Fibo_Cubic_Interp_Exper_Open_s11_toMean_iX": {"REF_Sin_ninguno_PB_Con_las_dos": 0.5, "REF_Sin_ninguno_PB_Sin_negativo": 0.54, "REF_Sin_ninguno_PB_Sin_positivo": 0.45999999999999996, "REF_Con_las_dos_PB_Sin_negativo": 0.45, "REF_Con_las_dos_PB_Sin_positivo": 0.42000000000000004, "REF_Sin_negativo_PB_Sin_positivo": 0.44999999999999996, "REF_0_PB_90": 0.47}, "Rot_Kalkandjiev_Quad_Cubic_Interp_Exper_Open_s11_toMean_iX": {"REF_Sin_ninguno_PB_Con_las_dos": 0.29000000000000004, "REF_Sin_ninguno_PB_Sin_negativo": 0.30000000000000004, "REF_Sin_ninguno_PB_Sin_positivo": 0.27, "REF_Con_las_dos_PB_Sin_negativo": 0.26, "REF_Con_las_dos_PB_Sin_positivo": 0.27, "REF_Sin_negativo_PB_Sin_positivo": 0.26, "REF_0_PB_90": 0.28}, "Rot_Kalkandjiev_Fibo_Lanc_Interp_Exper_Open_s11_toMean_iX": {"REF_Sin_ninguno_PB_Con_las_dos": 0.75, "REF_Sin_ninguno_PB_Sin_negativo": 0.72, "REF_Sin_ninguno_PB_Sin_positivo": 0.79, "REF_Con_las_dos_PB_Sin_negativo": 0.8300000000000001, "REF_Con_las_dos_PB_Sin_positivo": 0.77, "REF_Sin_negativo_PB_Sin_positivo": 0.72, "REF_0_PB_90": 0.78}, "Rot_Kalkandjiev_Quad_Lanc_Interp_Exper_Open_s11_toMean_iX": {"REF_Sin_ninguno_PB_Con_las_dos": 0.46, "REF_Sin_ninguno_PB_Sin_negativo": 0.42000000000000004, "REF_Sin_ninguno_PB_Sin_positivo": 0.5700000000000001, "REF_Con_las_dos_PB_Sin_negativo": 0.56,