{"image_pair_names": ["REF_ezer_PB_bixek", "REF_ezer_PB_sin_negat", "REF_ezer_PB_sin_posit", "REF_bixek_PB_sin_negat", "REF_bixek_PB_sin_posit", "REF_sin_negat_PB_sin_posit"], "predicted_delta_phiCRs": {"Rot_Kalkandjiev_Fibo_Cubic_Interp_Exper_Sat_5per_iX": {"REF_ezer_PB_bixek": -0.19477464993100013, "REF_ezer_PB_sin_negat": -0.6936223274555002, "REF_ezer_PB_sin_posit": 0.28822642892999983, "REF_bixek_PB_sin_negat": -0.4988476775245001, "REF_bixek_PB_sin_posit": 0.48300107886099997, "REF_sin_negat_PB_sin_posit": 0.9818487563855001}, "Rot_Kalkandjiev_Quad_Cubic_Interp_Exper_Sat_5per_iX": {"REF_ezer_PB_bixek": -0.18496249200000014, "REF_ezer_PB_sin_negat": -0.7054108670000001, "REF_ezer_PB_sin_posit": 0.2924328249999999, "REF_bixek_PB_sin_negat": -0.520448375, "REF_bixek_PB_sin_posit": 0.47739531700000004, "REF_sin_negat_PB_sin_posit": 0.997843692}, "Rot_Kalkandjiev_Fibo_Lanc_Interp_Exper_Sat_5per_iX": {"REF_ezer_PB_bixek": -0.2290079798625, "REF_ezer_PB_sin_negat": -0.72880648558, "REF_ezer_PB_sin_posit": 0.25442419351, "REF_bixek_PB_sin_negat": -0.49979850571750006, "REF_bixek_PB_sin_posit": 0.4834321733725, "REF_sin_negat_PB_sin_posit": 0.9832306790900001}, "Rot_Kalkandjiev_Quad_Lanc_Interp_Exper_Sat_5per_iX": {"REF_ezer_PB_bixek": -0.20600688550000013, "REF_ezer_PB_sin_negat": -0.7114581115, "REF_ezer_PB_sin_posit": 0.29314826449999987, "REF_bixek_PB_sin_negat": -0.5054512259999999, "REF_bixek_PB_sin_posit": 0.49915515, "REF_sin_negat_PB_sin_posit": 1.004606376}, "Mir_Fibo_Cubic_Interp_Exper_Sat_5per_iX": {"REF_ezer_PB_bixek": -0.22043671185799996, "REF_ezer_PB_sin_negat": -0.7416135042900001, "REF_ezer_PB_sin_posit": 0.25530316421700006, "REF_bixek_PB_sin_negat": -0.5211767924320001, "REF_bixek_PB_sin_posit": 0.475739876075, "REF_sin_negat_PB_sin_posit": 0.9969166685070001}, "Mir_Quad_Cubic_Interp_Exper_Sat_5per_iX": {"REF_ezer_PB_bixek": -0.18744433999999988, "REF_ezer_PB_sin_negat": -0.707817163, "REF_ezer_PB_sin_posit": 0.29702895399999996, "REF_bixek_PB_sin_negat": -0.5203728230000001, "REF_bixek_PB_sin_posit": 0.48447329399999983, "REF_sin_negat_PB_sin_posit": 1.004846117}, "Mir_Fibo_Lanc_Interp_Exper_Sat_5per_iX": {"REF_ezer_PB_bixek": -0.231004184086, "REF_ezer_PB_sin_negat": -0.7745024243699999, "REF_ezer_PB_sin_posit": 0.24339614752900007, "REF_bixek_PB_sin_negat": -0.543498240284, "REF_bixek_PB_sin_posit": 0.47440033161500006, "REF_sin_negat_PB_sin_posit": 1.017898571899}, "Mir_Quad_Lanc_Interp_Exper_Sat_5per_iX": {"REF_ezer_PB_bixek": -0.197399066, "REF_ezer_PB_sin_negat": -0.7190196637, "REF_ezer_PB_sin_posit": 0.28467273300000007, "REF_bixek_PB_sin_negat": -0.5216205977, "REF_bixek_PB_sin_posit": 0.4820717990000001, "REF_sin_negat_PB_sin_posit": 1.0036923967}, "Rot_Naive_Fibo_Cubic_Interp_Exper_Sat_5per_iX": {"REF_ezer_PB_bixek": -0.19934930476799995, "REF_ezer_PB_sin_negat": 0.0894208482319998, "REF_ezer_PB_sin_posit": 0.261693163965, "REF_bixek_PB_sin_negat": -0.6075937523899997, "REF_bixek_PB_sin_posit": 0.4290317907379997, "REF_sin_negat_PB_sin_posit": 0.9897269590760001}, "Rot_Naive_Quad_Cubic_Interp_Exper_Sat_5per_iX": {"REF_ezer_PB_bixek": -0.2010089199999996, "REF_ezer_PB_sin_negat": -0.7537211669000001, "REF_ezer_PB_sin_posit": 0.2630582979999998, "REF_bixek_PB_sin_negat": -0.5604041999999998, "REF_bixek_PB_sin_posit": 0.43258629900000045, "REF_sin_negat_PB_sin_posit": 1.028841356}, "Rot_Naive_Fibo_Lanc_Interp_Exper_Sat_5per_iX": {"REF_ezer_PB_bixek": -0.19963415630699988, "REF_ezer_PB_sin_negat": 0.0894409965290004, "REF_ezer_PB_sin_posit": 0.264538211883, "REF_bixek_PB_sin_negat": -0.603959861431, "REF_bixek_PB_sin_posit": 0.4290033233330002, "REF_sin_negat_PB_sin_posit": 0.9906949594209999}, "Rot_Naive_Quad_Lanc_Interp_Exper_Sat_5per_iX": {"REF_ezer_PB_bixek": -0.20147226000000007, "REF_ezer_PB_sin_negat": -0.865452157, "REF_ezer_PB_sin_posit": 0.26258035000000035, "REF_bixek_PB_sin_negat": -0.5862565200000001, "REF_bixek_PB_sin_posit": 0.4320067999999999, "REF_sin_negat_PB_sin_posit": 1.0258338230000001}, "Rel_Rot_Fourier_Phase_Correlat_Exper_Sat_5per_iX": {"REF_ezer_PB_bixek": 0.006806784082777885, "REF_ezer_PB_sin_negat": -0.6283185307179586, "REF_ezer_PB_sin_posit": 0.02426007660272118, "REF_bixek_PB_sin_negat": 0.0, "REF_bixek_PB_sin_posit": 0.06318091892219473, "REF_sin_negat_PB_sin_posit": 0.7454301235267782}, "Histo_Intra_Class_Var_Exper_Sat_5per_iX": {"REF_ezer_PB_bixek": 0.06197114275574386, "REF_ezer_PB_sin_negat": -0.9898168634597981, "REF_ezer_PB_sin_posit": 0.1824705870030236, "REF_bixek_PB_sin_negat": -1.051788006215542, "REF_bixek_PB_sin_posit": 0.12049944424727974, "REF_sin_negat_PB_sin_posit": 1.1722874504628213}, "Grad_Regress_Exper_Sat_5per_iX": {"REF_ezer_PB_bixek": 0.0024397555374431334, "REF_ezer_PB_sin_negat": -3.139539147053408, "REF_ezer_PB_sin_posit": 0.0029625713818250965, "REF_bixek_PB_sin_negat": 3.141206404588735, "REF_bixek_PB_sin_posit": 0.000522815844381963, "REF_sin_negat_PB_sin_posit": -3.140683588744353}}, "times": {"Rot_Kalkandjiev_Fibo_Cubic_Interp_Exper_Sat_5per_iX": {"REF_ezer_PB_bixek": 0.119, "REF_ezer_PB_sin_negat": 0.12, "REF_ezer_PB_sin_posit": 0.126, "REF_bixek_PB_sin_negat": 0.118, "REF_bixek_PB_sin_posit": 0.123, "REF_sin_negat_PB_sin_posit": 0.125}, "Rot_Kalkandjiev_Quad_Cubic_Interp_Exper_Sat_5per_iX": {"REF_ezer_PB_bixek": 0.066, "REF_ezer_PB_sin_negat": 0.064, "REF_ezer_PB_sin_posit": 0.067, "REF_bixek_PB_sin_negat": 0.06, "REF_bixek_PB_sin_posit": 0.064, "REF_sin_negat_PB_sin_posit": 0.063}, "Rot_Kalkandjiev_Fibo_Lanc_Interp_Exper_Sat_5per_iX": {"REF_ezer_PB_bixek": 0.24, "REF_ezer_PB_sin_negat": 0.25, "REF_ezer_PB_sin_posit": 0.25, "REF_bixek_PB_sin_negat": 0.26, "REF_bixek_PB_sin_posit": 0.26, "REF_sin_negat_PB_sin_posit": 0.27}, "Rot_Kalkandjiev_Quad_Lanc_Interp_Exper_Sat_5per_iX": {"REF_ezer_PB_bixek": 0.125, "REF_ezer_PB_sin_negat": 0.135, "REF_ezer_PB_sin_posit": 0.134, "REF_bixek_PB_sin_negat": 0.128, "REF_bixek_PB_sin_posit": 0.128, "REF_sin_negat_PB_sin_posit": 0.138}, "Mir_Fibo_Cubic_Interp_Exper_Sat_5per_iX": {"REF_ezer_PB_bixek": 0.108, "REF_ezer_PB_sin_negat": 0.112, "REF_ezer_PB_sin_posit": 0.11699999999999999, "REF_bixek_PB_sin_negat": 0.111, "REF_bixek_PB_sin_posit": 0.11499999999999999, "REF_sin_negat_PB_sin_posit": 0.12}, "Mir_Quad_Cubic_Interp_Exper_Sat_5per_iX": {"REF_ezer_PB_bixek": 0.066, "REF_ezer_PB_sin_negat": 0.062, "REF_ezer_PB_sin_posit": 0.063, "REF_bixek_PB_sin_negat": 0.067, "REF_bixek_PB_sin_posit": 0.069, "REF_sin_negat_PB_sin_posit": 0.066}, "Mir_Fibo_Lanc_Interp_Exper_Sat_5per_iX": {"REF_ezer_PB_bixek": 0.22999999999999998, "REF_ezer_PB_sin_negat": 0.27, "REF_ezer_PB_sin_posit": 0.25, "REF_bixek_PB_sin_negat": 0.24, "REF_bixek_PB_sin_posit": 0.24, "REF_sin_negat_PB_sin_posit": 0.26}, "Mir_Quad_Lanc_Interp_Exper_Sat_5per_iX": {"REF_ezer_PB_bixek": 0.153, "REF_ezer_PB_sin_negat": 0.152, "REF_ezer_PB_sin_posit": 0.127, "REF_bixek_PB_sin_negat": 0.159, "REF_bixek_PB_sin_posit": 0.134, "REF_sin_negat_PB_sin_posit": 0.134}, "Rot_Naive_Fibo_Cubic_Interp_Exper_Sat_5per_iX": {"REF_ezer_PB_bixek": 0.057, "REF_ezer_PB_sin_negat": 0.059, "REF_ezer_PB_sin_posit": 0.056, "REF_bixek_PB_sin_negat": 0.064, "REF_bixek_PB_sin_posit": 0.061, "REF_sin_negat_PB_sin_posit": 0.065}, "Rot_Naive_Quad_Cubic_Interp_Exper_Sat_5per_iX": {"REF_ezer_PB_bixek": 0.031, "REF_ezer_PB_sin_negat": 0.04, "REF_ezer_PB_sin_posit": 0.038, "REF_bixek_PB_sin_negat": 0.036, "REF_bixek_PB_sin_posit": 0.039, "REF_sin_negat_PB_sin_posit": 0.04}, "Rot_Naive_Fibo_Lanc_Interp_Exper_Sat_5per_iX": {"REF_ezer_PB_bixek": 0.12, "REF_ezer_PB_sin_negat": 0.12, "REF_ezer_PB_sin_posit": 0.14, "REF_bixek_PB_sin_negat": 0.13, "REF_bixek_PB_sin_posit": 0.13, "REF_sin_negat_PB_sin_posit": 0.13}, "Rot_Naive_Quad_Lanc_Interp_Exper_Sat_5per_iX": {"REF_ezer_PB_bixek": 0.072, "REF_ezer_PB_sin_negat": 0.075, "REF_ezer_PB_sin_posit": 0.063, "REF_bixek_PB_sin_negat": 0.069, "REF_bixek_PB_sin_posit": 0.07, "REF_sin_negat_PB_sin_posit": 0.072},