{"image_pair_names": ["REF_sin_nada_PB_con_todo", "REF_sin_nada_PB_sin_negativo", "REF_sin_nada_PB_sin_positivo", "REF_con_todo_PB_sin_negativo", "REF_con_todo_PB_sin_positivo", "REF_sin_negativo_PB_sin_positivo", "REF_0_2_PB_90"], "predicted_delta_phiCRs": {"Rot_Kalkandjiev_Fibo_Cubic_Interp_Exper_Sigm_k55.37334267018538_c0.9_iX": {"REF_sin_nada_PB_con_todo": -0.17191042820549995, "REF_sin_nada_PB_sin_negativo": -0.24944840757499964, "REF_sin_nada_PB_sin_positivo": 1.9375556342317934, "REF_con_todo_PB_sin_negativo": -0.07753797936949969, "REF_con_todo_PB_sin_positivo": 2.1094660624372934, "REF_sin_negativo_PB_sin_positivo": 2.187004041806793, "REF_0_2_PB_90": 3.0335824310427935}, "Rot_Kalkandjiev_Quad_Cubic_Interp_Exper_Sigm_k55.37334267018538_c0.9_iX": {"REF_sin_nada_PB_con_todo": -0.1716634715000005, "REF_sin_nada_PB_sin_negativo": -0.25087960499999973, "REF_sin_nada_PB_sin_positivo": 1.8566100845897933, "REF_con_todo_PB_sin_negativo": -0.07921613349999923, "REF_con_todo_PB_sin_positivo": 2.0282735560897938, "REF_sin_negativo_PB_sin_positivo": 2.107489689589793, "REF_0_2_PB_90": 3.033867398589793}, "Rot_Kalkandjiev_Fibo_Lanc_Interp_Exper_Sigm_k55.37334267018538_c0.9_iX": {"REF_sin_nada_PB_con_todo": -0.17277046085349923, "REF_sin_nada_PB_sin_negativo": -0.24904683431549923, "REF_sin_nada_PB_sin_positivo": 2.0303276399187937, "REF_con_todo_PB_sin_negativo": -0.076276373462, "REF_con_todo_PB_sin_positivo": 2.203098100772293, "REF_sin_negativo_PB_sin_positivo": 2.279374474234293, "REF_0_2_PB_90": 3.0335728407552933}, "Rot_Kalkandjiev_Quad_Lanc_Interp_Exper_Sigm_k55.37334267018538_c0.9_iX": {"REF_sin_nada_PB_con_todo": -0.17315695300000034, "REF_sin_nada_PB_sin_negativo": -0.24997872800000032, "REF_sin_nada_PB_sin_positivo": 2.0291298080897926, "REF_con_todo_PB_sin_negativo": -0.07682177499999998, "REF_con_todo_PB_sin_positivo": 2.202286761089793, "REF_sin_negativo_PB_sin_positivo": 2.279108536089793, "REF_0_2_PB_90": 3.034120429089793}, "Mir_Fibo_Cubic_Interp_Exper_Sigm_k55.37334267018538_c0.9_iX": {"REF_sin_nada_PB_con_todo": -0.1716555666840005, "REF_sin_nada_PB_sin_negativo": -0.2494820482570006, "REF_sin_nada_PB_sin_positivo": 0.48490151689179317, "REF_con_todo_PB_sin_negativo": -0.0778264815730001, "REF_con_todo_PB_sin_positivo": 0.6565570835757937, "REF_sin_negativo_PB_sin_positivo": 0.7343835651487938, "REF_0_2_PB_90": 3.0343244743467928}, "Mir_Quad_Cubic_Interp_Exper_Sigm_k55.37334267018538_c0.9_iX": {"REF_sin_nada_PB_con_todo": -0.17238760900000027, "REF_sin_nada_PB_sin_negativo": -0.25015705599999993, "REF_sin_nada_PB_sin_positivo": 0.48492827058979326, "REF_con_todo_PB_sin_negativo": -0.07776944699999966, "REF_con_todo_PB_sin_positivo": 0.6573158795897935, "REF_sin_negativo_PB_sin_positivo": 0.7350853265897932, "REF_0_2_PB_90": 3.0333623995897927}, "Mir_Fibo_Lanc_Interp_Exper_Sigm_k55.37334267018538_c0.9_iX": {"REF_sin_nada_PB_con_todo": -0.17165549641200073, "REF_sin_nada_PB_sin_negativo": -0.25065972664900027, "REF_sin_nada_PB_sin_positivo": 0.484477784807793, "REF_con_todo_PB_sin_negativo": -0.07900423023699954, "REF_con_todo_PB_sin_positivo": 0.6561332812197938, "REF_sin_negativo_PB_sin_positivo": 0.7351375114567933, "REF_0_2_PB_90": 3.0320958578097934}, "Mir_Quad_Lanc_Interp_Exper_Sigm_k55.37334267018538_c0.9_iX": {"REF_sin_nada_PB_con_todo": -0.17347087000000094, "REF_sin_nada_PB_sin_negativo": -0.2504787110000004, "REF_sin_nada_PB_sin_positivo": 0.48476445058979234, "REF_con_todo_PB_sin_negativo": -0.07700784099999947, "REF_con_todo_PB_sin_positivo": 0.6582353205897933, "REF_sin_negativo_PB_sin_positivo": 0.7352431615897927, "REF_0_2_PB_90": 3.0346567535897933}, "Rot_Naive_Fibo_Cubic_Interp_Exper_Sigm_k55.37334267018538_c0.9_iX": {"REF_sin_nada_PB_con_todo": -0.11045400969999974, "REF_sin_nada_PB_sin_negativo": -0.2334497857000004, "REF_sin_nada_PB_sin_positivo": -0.07869343024399988, "REF_con_todo_PB_sin_negativo": -0.07047846861300044, "REF_con_todo_PB_sin_positivo": 0.29855344868400024, "REF_sin_negativo_PB_sin_positivo": -3.1385485531795863, "REF_0_2_PB_90": 2.423695048144}, "Rot_Naive_Quad_Cubic_Interp_Exper_Sigm_k55.37334267018538_c0.9_iX": {"REF_sin_nada_PB_con_todo": -0.2219404349999996, "REF_sin_nada_PB_sin_negativo": -0.2435333169999998, "REF_sin_nada_PB_sin_positivo": -0.07839431399999963, "REF_con_todo_PB_sin_negativo": -0.0699276830000004, "REF_con_todo_PB_sin_positivo": 0.3245941849999996, "REF_sin_negativo_PB_sin_positivo": -3.0213610001795863, "REF_0_2_PB_90": 3.14078544}, "Rot_Naive_Fibo_Lanc_Interp_Exper_Sigm_k55.37334267018538_c0.9_iX": {"REF_sin_nada_PB_con_todo": -0.10928339109999996, "REF_sin_nada_PB_sin_negativo": -0.23345009769999958, "REF_sin_nada_PB_sin_positivo": -0.07873581273700037, "REF_con_todo_PB_sin_negativo": -0.07047856239799977, "REF_con_todo_PB_sin_positivo": 0.3235146840069998, "REF_sin_negativo_PB_sin_positivo": -3.1383580185525863, "REF_0_2_PB_90": -3.1413007777505864}, "Rot_Naive_Quad_Lanc_Interp_Exper_Sigm_k55.37334267018538_c0.9_iX": {"REF_sin_nada_PB_con_todo": -0.22370831000000013, "REF_sin_nada_PB_sin_negativo": -0.24087449209999967, "REF_sin_nada_PB_sin_positivo": -0.08915460399999997, "REF_con_todo_PB_sin_negativo": -0.07200773699999985, "REF_con_todo_PB_sin_positivo": 0.33023741299999987, "REF_sin_negativo_PB_sin_positivo": -3.000485817179586, "REF_0_2_PB_90": 3.140727153}, "Rel_Rot_Fourier_Phase_Correlat_Exper_Sigm_k55.37334267018538_c0.9_iX": {"REF_sin_nada_PB_con_todo": 2.0734511513692637, "REF_sin_nada_PB_sin_negativo": 1.9249236320245462, "REF_sin_nada_PB_sin_positivo": 0.05515240436302082, "REF_con_todo_PB_sin_negativo": -0.08674286382411811, "REF_con_todo_PB_sin_positivo": -2.004510645915488, "REF_sin_negativo_PB_sin_positivo": -1.8612191143267527, "REF_0_2_PB_90": -0.9255481023325931}, "Histo_Intra_Class_Var_Exper_Sigm_k55.37334267018538_c0.9_iX": {"REF_sin_nada_PB_con_todo": -0.9898168634597981, "REF_sin_nada_PB_sin_negativo": -1.7386348384250363, "REF_sin_nada_PB_sin_positivo": -0.048199777698911817, "REF_con_todo_PB_sin_negativo": -0.7488179749652382, "REF_con_todo_PB_sin_positivo": 0.941617085760886, "REF_sin_negativo_PB_sin_positivo": 1.690435060726124, "REF_0_2_PB_90": 2.4719600277013383}, "Grad_Regress_Exper_Sigm_k55.37334267018538_c0.9_iX": {"REF_sin_nada_PB_con_todo": 1.7194641290186323, "REF_sin_nada_PB_sin_negativo": 1.8998919064012092, "REF_sin_nada_PB_sin_positivo": 0.4308326872713921, "REF_con_todo_PB_sin_negativo": 0.18042777738257687, "REF_con_todo_PB_sin_positivo": -1.2886314417472402, "REF_sin_negativo_PB_sin_positivo": -1.469059219129817, "REF_0_2_PB_90": -1.0102230493074034}}, "times": {"Rot_Kalkandjiev_Fibo_Cubic_Interp_Exper_Sigm_k55.37334267018538_c0.9_iX": {"REF_sin_nada_PB_con_todo": 0.22999999999999998, "REF_sin_nada_PB_sin_negativo": 0.22, "REF_sin_nada_PB_sin_positivo": 0.21000000000000002, "REF_con_todo_PB_sin_negativo": 0.22, "REF_con_todo_PB_sin_positivo": 0.22, "REF_sin_negativo_PB_sin_positivo": 0.25, "REF_0_2_PB_90": 0.26}, "Rot_Kalkandjiev_Quad_Cubic_Interp_Exper_Sigm_k55.37334267018538_c0.9_iX": {"REF_sin_nada_PB_con_todo": 0.14200000000000002, "REF_sin_nada_PB_sin_negativo": 0.134, "REF_sin_nada_PB_sin_positivo": 0.149, "REF_con_todo_PB_sin_negativo": 0.128, "REF_con_todo_PB_sin_positivo": 0.14600000000000002, "REF_sin_negativo_PB_sin_positivo": 0.138, "REF_0_2_PB_90": 0.137}, "Rot_Kalkandjiev_Fibo_Lanc_Interp_Exper_Sigm_k55.37334267018538_c0.9_iX": {"REF_sin_nada_PB_con_todo": 0.42000000000000004, "REF_sin_nada_PB_sin_negativo": 0.41000000000000003, "REF_sin_nada_PB_sin_positivo": 0.4, "REF_con_todo_PB_sin_negativo": 0.42000000000000004, "REF_con_todo_PB_sin_positivo": 0.4, "REF_sin_negativo_PB_sin_positivo": 0.4, "REF_0_2_PB_90": 0.4}, "Rot_Kalkandjiev_Quad_Lanc_Interp_Exper_Sigm_k55.37334267018538_c0.9_iX": {"REF_sin_nada_PB_con_todo": 0.21000000000000002, "REF_sin_nada_PB_sin_negativo": 0.21000000000000002, "REF_sin_nada_PB_sin_positivo": 0.21000000000000002, "REF_con_todo_PB_sin_negativo": 0.20900000000000002,