{"image_pair_names": ["REF_ezer_PB_bixek", "REF_ezer_PB_sin_negat", "REF_ezer_PB_sin_posit", "REF_bixek_PB_sin_negat", "REF_bixek_PB_sin_posit", "REF_sin_negat_PB_sin_posit"], "predicted_delta_phiCRs": {"Simulation_Grav_Prepr_Mean_DS_Exper_Searc_NM": {"REF_ezer_PB_bixek": -0.20751977384414122, "REF_ezer_PB_sin_negat": -0.567169714468247, "REF_ezer_PB_sin_posit": 0.4349191873606826, "REF_bixek_PB_sin_negat": -0.3596499406241058, "REF_bixek_PB_sin_posit": 0.6424389612048256, "REF_sin_negat_PB_sin_posit": 1.0020889018289312}, "Simulation_Grav_Prepr_Mean_DS_Exper_Searc_P": {"REF_ezer_PB_bixek": -0.1698155319195056, "REF_ezer_PB_sin_negat": -0.575578178748966, "REF_ezer_PB_sin_posit": 0.4672009570835933, "REF_bixek_PB_sin_negat": -0.4057626468294604, "REF_bixek_PB_sin_posit": 0.6370164890030994, "REF_sin_negat_PB_sin_posit": 1.0427791358325598}}, "times": {"Simulation_Grav_Prepr_Mean_DS_Exper_Searc_NM": {"REF_ezer_PB_bixek": 0.7133781909942627, "REF_ezer_PB_sin_negat": 0.6966593265533447, "REF_ezer_PB_sin_posit": 0.6976571083068848, "REF_bixek_PB_sin_negat": 0.6987800598144531, "REF_bixek_PB_sin_posit": 0.6995444297790527, "REF_sin_negat_PB_sin_posit": 0.7036237716674805}, "Simulation_Grav_Prepr_Mean_DS_Exper_Searc_P": {"REF_ezer_PB_bixek": 0.6656060218811035, "REF_ezer_PB_sin_negat": 0.6627299785614014, "REF_ezer_PB_sin_posit": 0.6478512287139893, "REF_bixek_PB_sin_negat": 0.6558067798614502, "REF_bixek_PB_sin_posit": 0.6837754249572754, "REF_sin_negat_PB_sin_posit": 0.6856353282928467}}}