{"image_pair_names": ["REF_sin_nada_PB_con_todo", "REF_sin_nada_PB_sin_negativo", "REF_sin_nada_PB_sin_positivo", "REF_con_todo_PB_sin_negativo", "REF_con_todo_PB_sin_positivo", "REF_sin_negativo_PB_sin_positivo", "REF_0_2_PB_90"], "predicted_delta_phiCRs": {"Rot_Kalkandjiev_Fibo_Cubic_Interp_Exper_to_Mean_iX": {"REF_sin_nada_PB_con_todo": -0.16214437831799966, "REF_sin_nada_PB_sin_negativo": -0.5164475306539993, "REF_sin_nada_PB_sin_positivo": 0.3520748722495002, "REF_con_todo_PB_sin_negativo": -0.3543031523359996, "REF_con_todo_PB_sin_positivo": 0.5142192505674998, "REF_sin_negativo_PB_sin_positivo": 0.8685224029034995, "REF_0_2_PB_90": 3.184753727754793}, "Rot_Kalkandjiev_Quad_Cubic_Interp_Exper_to_Mean_iX": {"REF_sin_nada_PB_con_todo": -0.1622800707500005, "REF_sin_nada_PB_sin_negativo": -0.5164448325000004, "REF_sin_nada_PB_sin_positivo": 0.352078539499999, "REF_con_todo_PB_sin_negativo": -0.3541647617499999, "REF_con_todo_PB_sin_positivo": 0.5143586102499995, "REF_sin_negativo_PB_sin_positivo": 0.8685233719999994, "REF_0_2_PB_90": 3.184929542389793}, "Rot_Kalkandjiev_Fibo_Lanc_Interp_Exper_to_Mean_iX": {"REF_sin_nada_PB_con_todo": -0.1624041914225005, "REF_sin_nada_PB_sin_negativo": -0.5165938041854998, "REF_sin_nada_PB_sin_positivo": 0.3520531382194996, "REF_con_todo_PB_sin_negativo": -0.3541896127629993, "REF_con_todo_PB_sin_positivo": 0.5144573296420001, "REF_sin_negativo_PB_sin_positivo": 0.8686469424049994, "REF_0_2_PB_90": 3.184756312276793}, "Rot_Kalkandjiev_Quad_Lanc_Interp_Exper_to_Mean_iX": {"REF_sin_nada_PB_con_todo": -0.16230916999999945, "REF_sin_nada_PB_sin_negativo": -0.5167040419999998, "REF_sin_nada_PB_sin_positivo": 0.3519168800000001, "REF_con_todo_PB_sin_negativo": -0.3543948720000003, "REF_con_todo_PB_sin_positivo": 0.5142260499999995, "REF_sin_negativo_PB_sin_positivo": 0.8686209219999999, "REF_0_2_PB_90": 3.1847571322397936}, "Mir_Fibo_Cubic_Interp_Exper_to_Mean_iX": {"REF_sin_nada_PB_con_todo": -0.16242093491499965, "REF_sin_nada_PB_sin_negativo": -0.5168191025400004, "REF_sin_nada_PB_sin_positivo": 0.3516682931899995, "REF_con_todo_PB_sin_negativo": -0.35439816762500076, "REF_con_todo_PB_sin_positivo": 0.5140892281049991, "REF_sin_negativo_PB_sin_positivo": 0.8684873957299999, "REF_0_2_PB_90": 3.1847167356747934}, "Mir_Quad_Cubic_Interp_Exper_to_Mean_iX": {"REF_sin_nada_PB_con_todo": -0.16226106570000098, "REF_sin_nada_PB_sin_negativo": -0.5164802614000008, "REF_sin_nada_PB_sin_positivo": 0.3521712117, "REF_con_todo_PB_sin_negativo": -0.3542191956999998, "REF_con_todo_PB_sin_positivo": 0.514432277400001, "REF_sin_negativo_PB_sin_positivo": 0.8686514731000008, "REF_0_2_PB_90": 3.1847818090897926}, "Mir_Fibo_Lanc_Interp_Exper_to_Mean_iX": {"REF_sin_nada_PB_con_todo": -0.16242093491499965, "REF_sin_nada_PB_sin_negativo": -0.51678865398, "REF_sin_nada_PB_sin_positivo": 0.35163652709000015, "REF_con_todo_PB_sin_negativo": -0.3543677190650003, "REF_con_todo_PB_sin_positivo": 0.5140574620049998, "REF_sin_negativo_PB_sin_positivo": 0.8684251810700001, "REF_0_2_PB_90": 3.1847089407397933}, "Mir_Quad_Lanc_Interp_Exper_to_Mean_iX": {"REF_sin_nada_PB_con_todo": -0.1623316309000007, "REF_sin_nada_PB_sin_negativo": -0.5166288963000003, "REF_sin_nada_PB_sin_positivo": 0.35205647599999956, "REF_con_todo_PB_sin_negativo": -0.3542972653999996, "REF_con_todo_PB_sin_positivo": 0.5143881069000003, "REF_sin_negativo_PB_sin_positivo": 0.8686853722999999, "REF_0_2_PB_90": 3.184820782789793}, "Rot_Naive_Fibo_Cubic_Interp_Exper_to_Mean_iX": {"REF_sin_nada_PB_con_todo": -0.16139279428599984, "REF_sin_nada_PB_sin_negativo": -0.5174464879159997, "REF_sin_nada_PB_sin_positivo": 0.3504950982099997, "REF_con_todo_PB_sin_negativo": -0.35804780322999985, "REF_con_todo_PB_sin_positivo": 0.5120915226600005, "REF_sin_negativo_PB_sin_positivo": 0.8663806791209998, "REF_0_2_PB_90": -3.113750376593586}, "Rot_Naive_Quad_Cubic_Interp_Exper_to_Mean_iX": {"REF_sin_nada_PB_con_todo": -0.16143941380000015, "REF_sin_nada_PB_sin_negativo": -0.5174388588000003, "REF_sin_nada_PB_sin_positivo": 0.350314998, "REF_con_todo_PB_sin_negativo": -0.35823759099999997, "REF_con_todo_PB_sin_positivo": 0.5120169722999997, "REF_sin_negativo_PB_sin_positivo": 0.8667813959000004, "REF_0_2_PB_90": -3.113347154179586}, "Rot_Naive_Fibo_Lanc_Interp_Exper_to_Mean_iX": {"REF_sin_nada_PB_con_todo": -0.16158556562100035, "REF_sin_nada_PB_sin_negativo": -0.5174464790739997, "REF_sin_nada_PB_sin_positivo": 0.3504771119500001, "REF_con_todo_PB_sin_negativo": -0.35804780322999985, "REF_con_todo_PB_sin_positivo": 0.5117860743109999, "REF_sin_negativo_PB_sin_positivo": 0.8663806791209998, "REF_0_2_PB_90": -3.1138697957195864}, "Rot_Naive_Quad_Lanc_Interp_Exper_to_Mean_iX": {"REF_sin_nada_PB_con_todo": -0.16139406399999956, "REF_sin_nada_PB_sin_negativo": -0.5170175800700001, "REF_sin_nada_PB_sin_positivo": 0.35050181999999985, "REF_con_todo_PB_sin_negativo": -0.35804627789999977, "REF_con_todo_PB_sin_positivo": 0.5118407300000003, "REF_sin_negativo_PB_sin_positivo": 0.8663654249999997, "REF_0_2_PB_90": -3.1137925001795863}, "Rel_Rot_Fourier_Phase_Correlat_Exper_to_Mean_iX": {"REF_sin_nada_PB_con_todo": -0.01919862177193732, "REF_sin_nada_PB_sin_negativo": -0.0684169066781779, "REF_sin_nada_PB_sin_positivo": -0.03717551306747957, "REF_con_todo_PB_sin_negativo": -0.03630284844148246, "REF_con_todo_PB_sin_positivo": -0.01518436449235061, "REF_sin_negativo_PB_sin_positivo": 0.02268928027592628, "REF_0_2_PB_90": 0.33300882128051806}, "Histo_Intra_Class_Var_Exper_to_Mean_iX": {"REF_sin_nada_PB_con_todo": -0.18247058700302343, "REF_sin_nada_PB_sin_negativo": -0.531918975320135, "REF_sin_nada_PB_sin_positivo": 0.24960599165507946, "REF_con_todo_PB_sin_negativo": -0.34944838831711156, "REF_con_todo_PB_sin_positivo": 0.43207657865810306, "REF_sin_negativo_PB_sin_positivo": 0.7815249669752142, "REF_0_2_PB_90": 2.9728934316436018}, "Grad_Regress_Exper_to_Mean_iX": {"REF_sin_nada_PB_con_todo": -0.21102831385747756, "REF_sin_nada_PB_sin_negativo": -0.6456402894399966, "REF_sin_nada_PB_sin_positivo": 0.35276751261119543, "REF_con_todo_PB_sin_negativo": -0.4346119755825191, "REF_con_todo_PB_sin_positivo": 0.5637958264686728, "REF_sin_negativo_PB_sin_positivo": 0.9984078020511927, "REF_0_2_PB_90": 3.0963850581369075}}, "times": {"Rot_Kalkandjiev_Fibo_Cubic_Interp_Exper_to_Mean_iX": {"REF_sin_nada_PB_con_todo": 0.22, "REF_sin_nada_PB_sin_negativo": 0.22, "REF_sin_nada_PB_sin_positivo": 0.24, "REF_con_todo_PB_sin_negativo": 0.22, "REF_con_todo_PB_sin_positivo": 0.22, "REF_sin_negativo_PB_sin_positivo": 0.22, "REF_0_2_PB_90": 0.24}, "Rot_Kalkandjiev_Quad_Cubic_Interp_Exper_to_Mean_iX": {"REF_sin_nada_PB_con_todo": 0.14600000000000002, "REF_sin_nada_PB_sin_negativo": 0.153, "REF_sin_nada_PB_sin_positivo": 0.142, "REF_con_todo_PB_sin_negativo": 0.14300000000000002, "REF_con_todo_PB_sin_positivo": 0.134, "REF_sin_negativo_PB_sin_positivo": 0.137, "REF_0_2_PB_90": 0.14}, "Rot_Kalkandjiev_Fibo_Lanc_Interp_Exper_to_Mean_iX": {"REF_sin_nada_PB_con_todo": 0.41000000000000003, "REF_sin_nada_PB_sin_negativo": 0.42000000000000004, "REF_sin_nada_PB_sin_positivo": 0.44, "REF_con_todo_PB_sin_negativo": 0.44, "REF_con_todo_PB_sin_positivo": 0.43, "REF_sin_negativo_PB_sin_positivo": 0.41000000000000003, "REF_0_2_PB_90": 0.41000000000000003}, "Rot_Kalkandjiev_Quad_Lanc_Interp_Exper_to_Mean_iX": {"REF_sin_nada_PB_con_todo": 0.27, "REF_sin_nada_PB_sin_negativo": 0.22999999999999998, "REF_sin_nada_PB_sin_positivo": 0.24, "REF_con_todo_PB_sin_negativo": 0.23, "REF_con_todo_PB_sin_positivo": 0.25, "REF_sin_negativo_PB_sin_positivo": 0.24, "REF_0_2_PB_90": 0.25}, "Mir_Fibo_Cubic_Interp_Exper_to_Mean_iX": {"REF_sin_nada_PB_con_todo": 0.22, "REF_sin_nada_PB_sin_negativo": 0.21000000000000002, "REF_sin_nada_PB_sin_positivo": 0.21000000000000002, "REF_con_todo_PB_sin_negativo": 0.22, "REF_con_todo_PB_sin_positivo": 0.22999999999999998, "REF_sin_negativo_PB_sin_positivo": 0.26, "REF_0_2_PB_90": 0.22},