{"image_pair_names": ["REF_sin_nada_PB_con_todo", "REF_sin_nada_PB_sin_negativo", "REF_sin_nada_PB_sin_positivo", "REF_con_todo_PB_sin_negativo", "REF_con_todo_PB_sin_positivo", "REF_sin_negativo_PB_sin_positivo", "REF_0_2_PB_90"], "predicted_delta_phiCRs": {"Rot_Kalkandjiev_Fibo_Cubic_Interp_Exper_Open_s7_toMean_iX": {"REF_sin_nada_PB_con_todo": -0.19731171979799988, "REF_sin_nada_PB_sin_negativo": -0.5553520004500001, "REF_sin_nada_PB_sin_positivo": 0.3042128112995002, "REF_con_todo_PB_sin_negativo": -0.3580402806520002, "REF_con_todo_PB_sin_positivo": 0.5015245310975001, "REF_sin_negativo_PB_sin_positivo": 0.8595648117495003, "REF_0_2_PB_90": 3.2896198312277933}, "Rot_Kalkandjiev_Quad_Cubic_Interp_Exper_Open_s7_toMean_iX": {"REF_sin_nada_PB_con_todo": -0.19728961700000003, "REF_sin_nada_PB_sin_negativo": -0.5550276424499998, "REF_sin_nada_PB_sin_positivo": 0.30439941239999957, "REF_con_todo_PB_sin_negativo": -0.3577380254499998, "REF_con_todo_PB_sin_positivo": 0.5016890293999996, "REF_sin_negativo_PB_sin_positivo": 0.8594270548499994, "REF_0_2_PB_90": 3.290057634689793}, "Rot_Kalkandjiev_Fibo_Lanc_Interp_Exper_Open_s7_toMean_iX": {"REF_sin_nada_PB_con_todo": -0.19773215201199967, "REF_sin_nada_PB_sin_negativo": -0.5558632429769998, "REF_sin_nada_PB_sin_positivo": 0.30386901483550055, "REF_con_todo_PB_sin_negativo": -0.3581310909650002, "REF_con_todo_PB_sin_positivo": 0.5016011668475002, "REF_sin_negativo_PB_sin_positivo": 0.8597322578125004, "REF_0_2_PB_90": 3.2896163545852932}, "Rot_Kalkandjiev_Quad_Lanc_Interp_Exper_Open_s7_toMean_iX": {"REF_sin_nada_PB_con_todo": -0.1976732957499996, "REF_sin_nada_PB_sin_negativo": -0.5558378562000001, "REF_sin_nada_PB_sin_positivo": 0.30399671360000013, "REF_con_todo_PB_sin_negativo": -0.35816456045000056, "REF_con_todo_PB_sin_positivo": 0.5016700093499997, "REF_sin_negativo_PB_sin_positivo": 0.8598345698000003, "REF_0_2_PB_90": 3.290331269984793}, "Mir_Fibo_Cubic_Interp_Exper_Open_s7_toMean_iX": {"REF_sin_nada_PB_con_todo": -0.19690310016900003, "REF_sin_nada_PB_sin_negativo": -0.5552156194259998, "REF_sin_nada_PB_sin_positivo": 0.30505674220400003, "REF_con_todo_PB_sin_negativo": -0.3583125192569998, "REF_con_todo_PB_sin_positivo": 0.5019598423730001, "REF_sin_negativo_PB_sin_positivo": 0.8602723616299999, "REF_0_2_PB_90": 3.289976430106793}, "Mir_Quad_Cubic_Interp_Exper_Open_s7_toMean_iX": {"REF_sin_nada_PB_con_todo": -0.19700020370000004, "REF_sin_nada_PB_sin_negativo": -0.555005554700001, "REF_sin_nada_PB_sin_positivo": 0.3047157075999998, "REF_con_todo_PB_sin_negativo": -0.35800535100000097, "REF_con_todo_PB_sin_positivo": 0.5017159112999998, "REF_sin_negativo_PB_sin_positivo": 0.8597212623000008, "REF_0_2_PB_90": 3.2898289097897933}, "Mir_Fibo_Lanc_Interp_Exper_Open_s7_toMean_iX": {"REF_sin_nada_PB_con_todo": -0.19688622329999994, "REF_sin_nada_PB_sin_negativo": -0.5550688564669999, "REF_sin_nada_PB_sin_positivo": 0.305073672462, "REF_con_todo_PB_sin_negativo": -0.35818263316699994, "REF_con_todo_PB_sin_positivo": 0.501959895762, "REF_sin_negativo_PB_sin_positivo": 0.8601425289289999, "REF_0_2_PB_90": 3.2897830904287924}, "Mir_Quad_Lanc_Interp_Exper_Open_s7_toMean_iX": {"REF_sin_nada_PB_con_todo": -0.19730105300000034, "REF_sin_nada_PB_sin_negativo": -0.5555895729999998, "REF_sin_nada_PB_sin_positivo": 0.3043250129999997, "REF_con_todo_PB_sin_negativo": -0.35828851999999944, "REF_con_todo_PB_sin_positivo": 0.501626066, "REF_sin_negativo_PB_sin_positivo": 0.8599145859999995, "REF_0_2_PB_90": 3.2897724665797927}, "Rot_Naive_Fibo_Cubic_Interp_Exper_Open_s7_toMean_iX": {"REF_sin_nada_PB_con_todo": -0.19247018807999972, "REF_sin_nada_PB_sin_negativo": -0.5515577995100003, "REF_sin_nada_PB_sin_positivo": 0.30067248489999976, "REF_con_todo_PB_sin_negativo": -0.3583462045200001, "REF_con_todo_PB_sin_positivo": 0.49304715929999965, "REF_sin_negativo_PB_sin_positivo": 0.8506567103240004, "REF_0_2_PB_90": -3.008369979546586}, "Rot_Naive_Quad_Cubic_Interp_Exper_Open_s7_toMean_iX": {"REF_sin_nada_PB_con_todo": -0.19227815500000034, "REF_sin_nada_PB_sin_negativo": -0.5518004589999999, "REF_sin_nada_PB_sin_positivo": 0.3005714320999999, "REF_con_todo_PB_sin_negativo": -0.3580101386000001, "REF_con_todo_PB_sin_positivo": 0.4924818999999996, "REF_sin_negativo_PB_sin_positivo": 0.8506558320000002, "REF_0_2_PB_90": -3.006765068179586}, "Rot_Naive_Fibo_Lanc_Interp_Exper_Open_s7_toMean_iX": {"REF_sin_nada_PB_con_todo": -0.19247018807999972, "REF_sin_nada_PB_sin_negativo": -0.5517090169029997, "REF_sin_nada_PB_sin_positivo": 0.3012001801900004, "REF_con_todo_PB_sin_negativo": -0.3583462045200001, "REF_con_todo_PB_sin_positivo": 0.49304715929999965, "REF_sin_negativo_PB_sin_positivo": 0.8506566653530001, "REF_0_2_PB_90": -3.008369979546586}, "Rot_Naive_Quad_Lanc_Interp_Exper_Open_s7_toMean_iX": {"REF_sin_nada_PB_con_todo": -0.19225182899999993, "REF_sin_nada_PB_sin_negativo": -0.5515842590000002, "REF_sin_nada_PB_sin_positivo": 0.3010685180000001, "REF_con_todo_PB_sin_negativo": -0.35796217760000015, "REF_con_todo_PB_sin_positivo": 0.49242055900000015, "REF_sin_negativo_PB_sin_positivo": 0.8506642583000001, "REF_0_2_PB_90": -3.007096898079586}, "Rel_Rot_Fourier_Phase_Correlat_Exper_Open_s7_toMean_iX": {"REF_sin_nada_PB_con_todo": -0.17697638615222466, "REF_sin_nada_PB_sin_negativo": -0.5141739976375295, "REF_sin_nada_PB_sin_positivo": 0.3029891581462156, "REF_con_todo_PB_sin_negativo": -0.34138640169009093, "REF_con_todo_PB_sin_positivo": 0.5312782243070738, "REF_sin_negativo_PB_sin_positivo": 0.8037241205433886, "REF_0_2_PB_90": -2.964267201587169}, "Histo_Intra_Class_Var_Exper_Open_s7_toMean_iX": {"REF_sin_nada_PB_con_todo": -0.2427203091266632, "REF_sin_nada_PB_sin_negativo": -0.8417746890988544, "REF_sin_nada_PB_sin_positivo": 0.18591342826723156, "REF_con_todo_PB_sin_negativo": -0.5990543799721904, "REF_con_todo_PB_sin_positivo": 0.428633737393895, "REF_sin_negativo_PB_sin_positivo": 1.0276881173660857, "REF_0_2_PB_90": 3.0916714552587767}, "Grad_Regress_Exper_Open_s7_toMean_iX": {"REF_sin_nada_PB_con_todo": -0.26164337172736296, "REF_sin_nada_PB_sin_negativo": -0.7685372169662763, "REF_sin_nada_PB_sin_positivo": 0.2780204066811798, "REF_con_todo_PB_sin_negativo": -0.5068938452389133, "REF_con_todo_PB_sin_positivo": 0.5396637784085425, "REF_sin_negativo_PB_sin_positivo": 1.0465576236474559, "REF_0_2_PB_90": 3.111554181084812}}, "times": {"Rot_Kalkandjiev_Fibo_Cubic_Interp_Exper_Open_s7_toMean_iX": {"REF_sin_nada_PB_con_todo": 0.21000000000000002, "REF_sin_nada_PB_sin_negativo": 0.21000000000000002, "REF_sin_nada_PB_sin_positivo": 0.22, "REF_con_todo_PB_sin_negativo": 0.22999999999999998, "REF_con_todo_PB_sin_positivo": 0.24, "REF_sin_negativo_PB_sin_positivo": 0.25, "REF_0_2_PB_90": 0.21000000000000002}, "Rot_Kalkandjiev_Quad_Cubic_Interp_Exper_Open_s7_toMean_iX": {"REF_sin_nada_PB_con_todo": 0.151, "REF_sin_nada_PB_sin_negativo": 0.143, "REF_sin_nada_PB_sin_positivo": 0.137, "REF_con_todo_PB_sin_negativo": 0.14200000000000002, "REF_con_todo_PB_sin_positivo": 0.136, "REF_sin_negativo_PB_sin_positivo": 0.151, "REF_0_2_PB_90": 0.132}, "Rot_Kalkandjiev_Fibo_Lanc_Interp_Exper_Open_s7_toMean_iX": {"REF_sin_nada_PB_con_todo": 0.4, "REF_sin_nada_PB_sin_negativo": 0.4, "REF_sin_nada_PB_sin_positivo": 0.39, "REF_con_todo_PB_sin_negativo": 0.39, "REF_con_todo_PB_sin_positivo": 0.38, "REF_sin_negativo_PB_sin_positivo": 0.38, "REF_0_2_PB_90": 0.39}, "Rot_Kalkandjiev_Quad_Lanc_Interp_Exper_Open_s7_toMean_iX": {"REF_sin_nada_PB_con_todo": 0.24, "REF_sin_nada_PB_sin_negativo": 0.25, "REF_sin_nada_PB_sin_positivo": 0.22999999999999998, "REF_con_todo_PB_sin_negativo": 0.21000000000000002, "REF_con_todo_PB_sin_positivo": 0.22999999999999998, "REF_sin_negativo_PB_sin_positivo": 0.25, "REF_0_2_PB_90": 0.248}, "Mir_Fibo_Cubic_Interp_Exper_Open_s7_toMean_iX": {"REF_sin_nada_PB_con_todo": 0.22999999999999998, "REF_sin_nada_PB_sin_negativo": 0.21000000000000002, "REF_sin_nada_PB_sin_positivo": 0.22, "REF_con_todo_PB_sin_negativo": 0.22,