{"image_pair_names": ["REF_ezer_PB_bixek", "REF_ezer_PB_sin_negat", "REF_ezer_PB_sin_posit", "REF_bixek_PB_sin_negat", "REF_bixek_PB_sin_posit", "REF_sin_negat_PB_sin_posit"], "predicted_delta_phiCRs": {"Rot_Kalkandjiev_Fibo_Cubic_Interp_Exper_to_Mean_iX": {"REF_ezer_PB_bixek": -0.19752541259729295, "REF_ezer_PB_sin_negat": -0.596653404539793, "REF_ezer_PB_sin_posit": 0.4486862832840002, "REF_bixek_PB_sin_negat": -0.39912799194250004, "REF_bixek_PB_sin_posit": 0.6462116958812931, "REF_sin_negat_PB_sin_posit": 1.0453396878237933}, "Rot_Kalkandjiev_Quad_Cubic_Interp_Exper_to_Mean_iX": {"REF_ezer_PB_bixek": -0.19777232658979316, "REF_ezer_PB_sin_negat": -0.5966082615897932, "REF_ezer_PB_sin_posit": 0.4478054169999999, "REF_bixek_PB_sin_negat": -0.39883593500000003, "REF_bixek_PB_sin_posit": 0.645577743589793, "REF_sin_negat_PB_sin_posit": 1.044413678589793}, "Rot_Kalkandjiev_Fibo_Lanc_Interp_Exper_to_Mean_iX": {"REF_ezer_PB_bixek": -0.1973749070297931, "REF_ezer_PB_sin_negat": -0.596660075449793, "REF_ezer_PB_sin_posit": 0.44810360944749994, "REF_bixek_PB_sin_negat": -0.39928516841999995, "REF_bixek_PB_sin_posit": 0.645478516477293, "REF_sin_negat_PB_sin_posit": 1.044763684897293}, "Rot_Kalkandjiev_Quad_Lanc_Interp_Exper_to_Mean_iX": {"REF_ezer_PB_bixek": -0.19735917358979305, "REF_ezer_PB_sin_negat": -0.5965450490897931, "REF_ezer_PB_sin_posit": 0.44812128000000007, "REF_bixek_PB_sin_negat": -0.39918587550000006, "REF_bixek_PB_sin_posit": 0.6454804535897931, "REF_sin_negat_PB_sin_posit": 1.044666329089793}, "Mir_Fibo_Cubic_Interp_Exper_to_Mean_iX": {"REF_ezer_PB_bixek": -0.19806549108899996, "REF_ezer_PB_sin_negat": -0.5961946060569999, "REF_ezer_PB_sin_posit": 0.4487448405530001, "REF_bixek_PB_sin_negat": -0.39812911496799996, "REF_bixek_PB_sin_posit": 0.6468103316420001, "REF_sin_negat_PB_sin_posit": 1.04493944661}, "Mir_Quad_Cubic_Interp_Exper_to_Mean_iX": {"REF_ezer_PB_bixek": -0.19777792700000008, "REF_ezer_PB_sin_negat": -0.59587323, "REF_ezer_PB_sin_posit": 0.44804507000000005, "REF_bixek_PB_sin_negat": -0.39809530299999996, "REF_bixek_PB_sin_posit": 0.6458229970000001, "REF_sin_negat_PB_sin_posit": 1.0439183}, "Mir_Fibo_Lanc_Interp_Exper_to_Mean_iX": {"REF_ezer_PB_bixek": -0.19624163827899999, "REF_ezer_PB_sin_negat": -0.595845571787, "REF_ezer_PB_sin_posit": 0.4482034872430001, "REF_bixek_PB_sin_negat": -0.39960393350800005, "REF_bixek_PB_sin_posit": 0.6444451255220001, "REF_sin_negat_PB_sin_posit": 1.0440490590300002}, "Mir_Quad_Lanc_Interp_Exper_to_Mean_iX": {"REF_ezer_PB_bixek": -0.19781777699999992, "REF_ezer_PB_sin_negat": -0.5960757729999999, "REF_ezer_PB_sin_posit": 0.447924427, "REF_bixek_PB_sin_negat": -0.398257996, "REF_bixek_PB_sin_posit": 0.6457422039999999, "REF_sin_negat_PB_sin_posit": 1.0440002}, "Rot_Naive_Fibo_Cubic_Interp_Exper_to_Mean_iX": {"REF_ezer_PB_bixek": -0.2015388097609998, "REF_ezer_PB_sin_negat": -0.6017255098699996, "REF_ezer_PB_sin_posit": 0.45077080530000035, "REF_bixek_PB_sin_negat": -0.4030971004410002, "REF_bixek_PB_sin_posit": 0.653135927758, "REF_sin_negat_PB_sin_posit": 1.059271230946}, "Rot_Naive_Quad_Cubic_Interp_Exper_to_Mean_iX": {"REF_ezer_PB_bixek": -0.20155673000000007, "REF_ezer_PB_sin_negat": -0.6019052489999996, "REF_ezer_PB_sin_posit": 0.4508069499999996, "REF_bixek_PB_sin_negat": -0.4007855039999999, "REF_bixek_PB_sin_posit": 0.6531031259999995, "REF_sin_negat_PB_sin_posit": 1.0558585699999998}, "Rot_Naive_Fibo_Lanc_Interp_Exper_to_Mean_iX": {"REF_ezer_PB_bixek": -0.19945812784500028, "REF_ezer_PB_sin_negat": -0.6032728894300003, "REF_ezer_PB_sin_posit": 0.4509506433799997, "REF_bixek_PB_sin_negat": -0.40069122341999996, "REF_bixek_PB_sin_posit": 0.6532205460579998, "REF_sin_negat_PB_sin_posit": 1.0591352476000004}, "Rot_Naive_Quad_Lanc_Interp_Exper_to_Mean_iX": {"REF_ezer_PB_bixek": -0.20143109300000006, "REF_ezer_PB_sin_negat": -0.6033302620000001, "REF_ezer_PB_sin_posit": 0.45080612279999954, "REF_bixek_PB_sin_negat": -0.4011020820000004, "REF_bixek_PB_sin_posit": 0.6533765589999998, "REF_sin_negat_PB_sin_posit": 1.0562132470000005}, "Rel_Rot_Fourier_Phase_Correlat_Exper_to_Mean_iX": {"REF_ezer_PB_bixek": -0.05532693728822036, "REF_ezer_PB_sin_negat": 0.32201324699295375, "REF_ezer_PB_sin_posit": 0.2516764781375823, "REF_bixek_PB_sin_negat": -0.10751228192285112, "REF_bixek_PB_sin_posit": 0.10000736613927508, "REF_sin_negat_PB_sin_posit": 1.4784684093643965}, "Histo_Intra_Class_Var_Exper_to_Mean_iX": {"REF_ezer_PB_bixek": -0.1876348488993358, "REF_ezer_PB_sin_negat": -0.44068368181862283, "REF_ezer_PB_sin_posit": 0.5456903403769668, "REF_bixek_PB_sin_negat": -0.25304883291928704, "REF_bixek_PB_sin_posit": 0.7333251892763024, "REF_sin_negat_PB_sin_posit": 0.9863740221955899}, "Grad_Regress_Exper_to_Mean_iX": {"REF_ezer_PB_bixek": -0.0027665788351898257, "REF_ezer_PB_sin_negat": 3.139300448474903, "REF_ezer_PB_sin_posit": -0.002932785265796767, "REF_bixek_PB_sin_negat": -3.1411182798694934, "REF_bixek_PB_sin_posit": -0.00016620643060782925, "REF_sin_negat_PB_sin_posit": 3.1409520734388856}}, "times": {"Rot_Kalkandjiev_Fibo_Cubic_Interp_Exper_to_Mean_iX": {"REF_ezer_PB_bixek": 0.128, "REF_ezer_PB_sin_negat": 0.128, "REF_ezer_PB_sin_posit": 0.11499999999999999, "REF_bixek_PB_sin_negat": 0.128, "REF_bixek_PB_sin_posit": 0.11499999999999999, "REF_sin_negat_PB_sin_posit": 0.11599999999999999}, "Rot_Kalkandjiev_Quad_Cubic_Interp_Exper_to_Mean_iX": {"REF_ezer_PB_bixek": 0.08199999999999999, "REF_ezer_PB_sin_negat": 0.07, "REF_ezer_PB_sin_posit": 0.064, "REF_bixek_PB_sin_negat": 0.07, "REF_bixek_PB_sin_posit": 0.064, "REF_sin_negat_PB_sin_posit": 0.06}, "Rot_Kalkandjiev_Fibo_Lanc_Interp_Exper_to_Mean_iX": {"REF_ezer_PB_bixek": 0.26, "REF_ezer_PB_sin_negat": 0.27, "REF_ezer_PB_sin_posit": 0.25, "REF_bixek_PB_sin_negat": 0.26, "REF_bixek_PB_sin_posit": 0.25, "REF_sin_negat_PB_sin_posit": 0.27}, "Rot_Kalkandjiev_Quad_Lanc_Interp_Exper_to_Mean_iX": {"REF_ezer_PB_bixek": 0.165, "REF_ezer_PB_sin_negat": 0.163, "REF_ezer_PB_sin_posit": 0.14500000000000002, "REF_bixek_PB_sin_negat": 0.14400000000000002, "REF_bixek_PB_sin_posit": 0.131, "REF_sin_negat_PB_sin_posit": 0.137}, "Mir_Fibo_Cubic_Interp_Exper_to_Mean_iX": {"REF_ezer_PB_bixek": 0.121, "REF_ezer_PB_sin_negat": 0.116, "REF_ezer_PB_sin_posit": 0.111, "REF_bixek_PB_sin_negat": 0.121, "REF_bixek_PB_sin_posit": 0.11599999999999999, "REF_sin_negat_PB_sin_posit": 0.112}, "Mir_Quad_Cubic_Interp_Exper_to_Mean_iX": {"REF_ezer_PB_bixek": 0.07500000000000001, "REF_ezer_PB_sin_negat": 0.069, "REF_ezer_PB_sin_posit": 0.061, "REF_bixek_PB_sin_negat": 0.07600000000000001, "REF_bixek_PB_sin_posit": 0.068, "REF_sin_negat_PB_sin_posit": 0.062}, "Mir_Fibo_Lanc_Interp_Exper_to_Mean_iX": {"REF_ezer_PB_bixek": 0.26, "REF_ezer_PB_sin_negat": 0.24, "REF_ezer_PB_sin_posit": 0.25, "REF_bixek_PB_sin_negat": 0.26, "REF_bixek_PB_sin_posit": 0.28, "REF_sin_negat_PB_sin_posit": 0.25}, "Mir_Quad_Lanc_Interp_Exper_to_Mean_iX": {"REF_ezer_PB_bixek": 0.147, "REF_ezer_PB_sin_negat": 0.13, "REF_ezer_PB_sin_posit": 0.14100000000000001, "REF_bixek_PB_sin_negat": 0.128, "REF_bixek_PB_sin_posit": 0.14, "REF_sin_negat_PB_sin_posit": 0.123}, "Rot_Naive_Fibo_Cubic_Interp_Exper_to_Mean_iX": {"REF_ezer_PB_bixek": 0.059, "REF_ezer_PB_sin_negat": 0.063, "REF_ezer_PB_sin_posit": 0.064, "REF_bixek_PB_sin_negat": 0.062, "REF_bixek_PB_sin_posit": 0.061, "REF_sin_negat_PB_sin_posit": 0.065}, "Rot_Naive_Quad_Cubic_Interp_Exper_to_Mean_iX": {"REF_ezer_PB_bixek": 0.032, "REF_ezer_PB_sin_negat": 0.035, "REF_ezer_PB_sin_posit": 0.032, "REF_bixek_PB_sin_negat": 0.032, "REF_bixek_PB_sin_posit": 0.035, "REF_sin_negat_PB_sin_posit": 0.037}, "Rot_Naive_Fibo_Lanc_Interp_Exper_to_Mean_iX": {"REF_ezer_PB_bixek": 0.11, "REF_ezer_PB_sin_negat": 0.15, "REF_ezer_PB_sin_posit": 0.13, "REF_bixek_PB_sin_negat": 0.13, "REF_bixek_PB_sin_posit": 0.12, "REF_sin_negat_PB_sin_posit": 0.13}, "Rot_Naive_Quad_Lanc_Interp_Exper_to_Mean_iX": {"REF_ezer_PB_bixek": 0.074, "REF_ezer_PB_sin_negat": 0.074, "REF_ezer_PB_sin_posit": 0.074,