{"image_pair_names": ["REF_sin_nada_PB_con_todo", "REF_sin_nada_PB_sin_negativo", "REF_sin_nada_PB_sin_positivo", "REF_con_todo_PB_sin_negativo", "REF_con_todo_PB_sin_positivo", "REF_sin_negativo_PB_sin_positivo", "REF_0_2_PB_90"], "predicted_delta_phiCRs": {"Simulation_Grav_Prepr_Triplet_DS_Exper_Searc_NM": {"REF_sin_nada_PB_con_todo": -0.02120296490463769, "REF_sin_nada_PB_sin_negativo": -0.5414963591173638, "REF_sin_nada_PB_sin_positivo": 0.3939381979901846, "REF_con_todo_PB_sin_negativo": -0.5202933942127235, "REF_con_todo_PB_sin_positivo": 0.4151411628948223, "REF_sin_negativo_PB_sin_positivo": 0.9354345571075449, "REF_0_2_PB_90": -2.9735359271261563}, "Simulation_Grav_Prepr_Triplet_DS_Exper_Searc_P": {"REF_sin_nada_PB_con_todo": -0.1613121548343992, "REF_sin_nada_PB_sin_negativo": -0.5028356207579572, "REF_sin_nada_PB_sin_positivo": 0.36241937358487597, "REF_con_todo_PB_sin_negativo": -0.3415234659235562, "REF_con_todo_PB_sin_positivo": 0.5237315284192752, "REF_sin_negativo_PB_sin_positivo": 0.8652549943428287, "REF_0_2_PB_90": -3.0898037780821346}}, "times": {"Simulation_Grav_Prepr_Triplet_DS_Exper_Searc_NM": {"REF_sin_nada_PB_con_todo": 119.70597529411316, "REF_sin_nada_PB_sin_negativo": 120.45797491073608, "REF_sin_nada_PB_sin_positivo": 120.9459753036499, "REF_con_todo_PB_sin_negativo": 120.33268022537231, "REF_con_todo_PB_sin_positivo": 120.51576375961304, "REF_sin_negativo_PB_sin_positivo": 120.24441337585449, "REF_0_2_PB_90": 120.89584541320801}, "Simulation_Grav_Prepr_Triplet_DS_Exper_Searc_P": {"REF_sin_nada_PB_con_todo": 120.81679344177246, "REF_sin_nada_PB_sin_negativo": 120.82657241821289, "REF_sin_nada_PB_sin_positivo": 120.75115203857422, "REF_con_todo_PB_sin_negativo": 120.34414792060852, "REF_con_todo_PB_sin_positivo": 120.4606568813324, "REF_sin_negativo_PB_sin_positivo": 120.37837958335876, "REF_0_2_PB_90": 120.82809352874756}}}