{"image_pair_names": ["REF_sin_nada_PB_con_todo", "REF_sin_nada_PB_sin_negativo", "REF_sin_nada_PB_sin_positivo", "REF_con_todo_PB_sin_negativo", "REF_con_todo_PB_sin_positivo", "REF_sin_negativo_PB_sin_positivo", "REF_0_2_PB_90"], "predicted_delta_phiCRs": {"Simulation_Grav_Prepr_Mean_DS_Exper_Searc_NM": {"REF_sin_nada_PB_con_todo": -0.15721613824570113, "REF_sin_nada_PB_sin_negativo": -0.5084658542478371, "REF_sin_nada_PB_sin_positivo": 0.33993762758377066, "REF_con_todo_PB_sin_negativo": -0.3512497160021324, "REF_con_todo_PB_sin_positivo": 0.4971537658294718, "REF_sin_negativo_PB_sin_positivo": 0.8484034818316033, "REF_0_2_PB_90": -3.1047692264828197}, "Simulation_Grav_Prepr_Mean_DS_Exper_Searc_P": {"REF_sin_nada_PB_con_todo": -0.1613121548343992, "REF_sin_nada_PB_sin_negativo": -0.5028356207579572, "REF_sin_nada_PB_sin_positivo": 0.36241937358487597, "REF_con_todo_PB_sin_negativo": -0.3415234659235562, "REF_con_todo_PB_sin_positivo": 0.5237315284192752, "REF_sin_negativo_PB_sin_positivo": 0.8652549943428287, "REF_0_2_PB_90": -3.0898037780821346}}, "times": {"Simulation_Grav_Prepr_Mean_DS_Exper_Searc_NM": {"REF_sin_nada_PB_con_todo": 1.6247127056121826, "REF_sin_nada_PB_sin_negativo": 1.5664896965026855, "REF_sin_nada_PB_sin_positivo": 1.6137943267822266, "REF_con_todo_PB_sin_negativo": 1.5440647602081299, "REF_con_todo_PB_sin_positivo": 1.543933391571045, "REF_sin_negativo_PB_sin_positivo": 1.5532505512237549, "REF_0_2_PB_90": 1.569676399230957}, "Simulation_Grav_Prepr_Mean_DS_Exper_Searc_P": {"REF_sin_nada_PB_con_todo": 1.5731773376464844, "REF_sin_nada_PB_sin_negativo": 1.611515998840332, "REF_sin_nada_PB_sin_positivo": 1.6432936191558838, "REF_con_todo_PB_sin_negativo": 1.5970959663391113, "REF_con_todo_PB_sin_positivo": 1.5665392875671387, "REF_sin_negativo_PB_sin_positivo": 1.5408399105072021, "REF_0_2_PB_90": 1.5898077487945557}}}