{"image_pair_names": ["REF_sin_nada_PB_con_todo", "REF_sin_nada_PB_sin_negativo", "REF_sin_nada_PB_sin_positivo", "REF_con_todo_PB_sin_negativo", "REF_con_todo_PB_sin_positivo", "REF_sin_negativo_PB_sin_positivo", "REF_0_2_PB_90"], "predicted_delta_phiCRs": {"Simulation_Grav_Prepr_Sigm_cent_0.1_slp_35_DS_Exper_Searc_NM": {"REF_sin_nada_PB_con_todo": -0.06164908855514106, "REF_sin_nada_PB_sin_negativo": -0.04377407920439147, "REF_sin_nada_PB_sin_positivo": 0.7745157706817061, "REF_con_todo_PB_sin_negativo": 0.017875009350728277, "REF_con_todo_PB_sin_positivo": 0.8361648592368471, "REF_sin_negativo_PB_sin_positivo": 0.8182898498860718, "REF_0_2_PB_90": -2.785876279871534}, "Simulation_Grav_Prepr_Sigm_cent_0.1_slp_35_DS_Exper_Searc_P": {"REF_sin_nada_PB_con_todo": -0.15580813913404334, "REF_sin_nada_PB_sin_negativo": -0.5052471037086219, "REF_sin_nada_PB_sin_positivo": 0.4835839018719721, "REF_con_todo_PB_sin_negativo": -0.3494389645745768, "REF_con_todo_PB_sin_positivo": 0.6393920410060154, "REF_sin_negativo_PB_sin_positivo": 0.9888310055805869, "REF_0_2_PB_90": -3.021268962330634}}, "times": {"Simulation_Grav_Prepr_Sigm_cent_0.1_slp_35_DS_Exper_Searc_NM": {"REF_sin_nada_PB_con_todo": 3.512722969055176, "REF_sin_nada_PB_sin_negativo": 2.872453451156616, "REF_sin_nada_PB_sin_positivo": 2.0830156803131104, "REF_con_todo_PB_sin_negativo": 1.5856499671936035, "REF_con_todo_PB_sin_positivo": 1.5716726779937744, "REF_sin_negativo_PB_sin_positivo": 1.567805528640747, "REF_0_2_PB_90": 2.734914541244507}, "Simulation_Grav_Prepr_Sigm_cent_0.1_slp_35_DS_Exper_Searc_P": {"REF_sin_nada_PB_con_todo": 1.8532068729400635, "REF_sin_nada_PB_sin_negativo": 1.7384881973266602, "REF_sin_nada_PB_sin_positivo": 1.7011284828186035, "REF_con_todo_PB_sin_negativo": 1.5633952617645264, "REF_con_todo_PB_sin_positivo": 1.5804858207702637, "REF_sin_negativo_PB_sin_positivo": 1.576338768005371, "REF_0_2_PB_90": 1.9648277759552002}}}