{"image_pair_names": ["REF_sin_nada_PB_con_todo", "REF_sin_nada_PB_sin_negativo", "REF_sin_nada_PB_sin_positivo", "REF_con_todo_PB_sin_negativo", "REF_con_todo_PB_sin_positivo", "REF_sin_negativo_PB_sin_positivo", "REF_0_2_PB_90"], "predicted_delta_phiCRs": {"Simulation_Grav_Prepr_Max_DS_Exper_Searc_NM": {"REF_sin_nada_PB_con_todo": -0.15721613824570113, "REF_sin_nada_PB_sin_negativo": -0.5084690030610943, "REF_sin_nada_PB_sin_positivo": 0.3370492252598254, "REF_con_todo_PB_sin_negativo": -0.35125286481538964, "REF_con_todo_PB_sin_positivo": 0.4942653635055265, "REF_sin_negativo_PB_sin_positivo": 0.8455182283209144, "REF_0_2_PB_90": -3.10102378782632}, "Simulation_Grav_Prepr_Max_DS_Exper_Searc_P": {"REF_sin_nada_PB_con_todo": -0.1613121548343992, "REF_sin_nada_PB_sin_negativo": -0.5028356207579572, "REF_sin_nada_PB_sin_positivo": 0.36241937358487597, "REF_con_todo_PB_sin_negativo": -0.3415234659235562, "REF_con_todo_PB_sin_positivo": 0.5237315284192752, "REF_sin_negativo_PB_sin_positivo": 0.8652549943428287, "REF_0_2_PB_90": -3.0898037780821346}}, "times": {"Simulation_Grav_Prepr_Max_DS_Exper_Searc_NM": {"REF_sin_nada_PB_con_todo": 1.6435785293579102, "REF_sin_nada_PB_sin_negativo": 1.6025276184082031, "REF_sin_nada_PB_sin_positivo": 1.5597820281982422, "REF_con_todo_PB_sin_negativo": 1.518728256225586, "REF_con_todo_PB_sin_positivo": 1.5387835502624512, "REF_sin_negativo_PB_sin_positivo": 1.56158447265625, "REF_0_2_PB_90": 1.5977113246917725}, "Simulation_Grav_Prepr_Max_DS_Exper_Searc_P": {"REF_sin_nada_PB_con_todo": 1.598809003829956, "REF_sin_nada_PB_sin_negativo": 1.6041443347930908, "REF_sin_nada_PB_sin_positivo": 1.5552480220794678, "REF_con_todo_PB_sin_negativo": 1.588838815689087, "REF_con_todo_PB_sin_positivo": 1.5770199298858643, "REF_sin_negativo_PB_sin_positivo": 1.6010370254516602, "REF_0_2_PB_90": 1.824491262435913}}}