{"image_pair_names": ["REF_sin_nada_PB_con_todo", "REF_sin_nada_PB_sin_negativo", "REF_sin_nada_PB_sin_positivo", "REF_con_todo_PB_sin_negativo", "REF_con_todo_PB_sin_positivo", "REF_sin_negativo_PB_sin_positivo", "REF_0_2_PB_90"], "predicted_delta_phiCRs": {"Rot_Kalkandjiev_Fibo_Cubic_Interp_Exper_Open_s11_toMean_iX": {"REF_sin_nada_PB_con_todo": -0.34140102238200054, "REF_sin_nada_PB_sin_negativo": -0.6788385527200003, "REF_sin_nada_PB_sin_positivo": 0.16236908465200006, "REF_con_todo_PB_sin_negativo": -0.3374375303379997, "REF_con_todo_PB_sin_positivo": 0.5037701070340006, "REF_sin_negativo_PB_sin_positivo": 0.8412076373720003, "REF_0_2_PB_90": 3.179002315357293}, "Rot_Kalkandjiev_Quad_Cubic_Interp_Exper_Open_s11_toMean_iX": {"REF_sin_nada_PB_con_todo": -0.34156493470000004, "REF_sin_nada_PB_sin_negativo": -0.6801063473999998, "REF_sin_nada_PB_sin_positivo": 0.1614868416499995, "REF_con_todo_PB_sin_negativo": -0.3385414126999997, "REF_con_todo_PB_sin_positivo": 0.5030517763499995, "REF_sin_negativo_PB_sin_positivo": 0.8415931890499992, "REF_0_2_PB_90": 3.178119851389793}, "Rot_Kalkandjiev_Fibo_Lanc_Interp_Exper_Open_s11_toMean_iX": {"REF_sin_nada_PB_con_todo": -0.34140102238200054, "REF_sin_nada_PB_sin_negativo": -0.6790657502730006, "REF_sin_nada_PB_sin_positivo": 0.16230380211950024, "REF_con_todo_PB_sin_negativo": -0.3376647278910001, "REF_con_todo_PB_sin_positivo": 0.5037048245015008, "REF_sin_negativo_PB_sin_positivo": 0.8413695523925009, "REF_0_2_PB_90": 3.178997733238793}, "Rot_Kalkandjiev_Quad_Lanc_Interp_Exper_Open_s11_toMean_iX": {"REF_sin_nada_PB_con_todo": -0.3415102311, "REF_sin_nada_PB_sin_negativo": -0.6797672153500001, "REF_sin_nada_PB_sin_positivo": 0.1608069217499999, "REF_con_todo_PB_sin_negativo": -0.33825698425000006, "REF_con_todo_PB_sin_positivo": 0.5023171528499999, "REF_sin_negativo_PB_sin_positivo": 0.8405741371, "REF_0_2_PB_90": 3.1789007933897926}, "Mir_Fibo_Cubic_Interp_Exper_Open_s11_toMean_iX": {"REF_sin_nada_PB_con_todo": -0.3400462683259997, "REF_sin_nada_PB_sin_negativo": -0.6791607657350003, "REF_sin_nada_PB_sin_positivo": 0.16318309242999973, "REF_con_todo_PB_sin_negativo": -0.33911449740900057, "REF_con_todo_PB_sin_positivo": 0.5032293607559994, "REF_sin_negativo_PB_sin_positivo": 0.842343858165, "REF_0_2_PB_90": 3.1788853277557934}, "Mir_Quad_Cubic_Interp_Exper_Open_s11_toMean_iX": {"REF_sin_nada_PB_con_todo": -0.34216311750000017, "REF_sin_nada_PB_sin_negativo": -0.6797644493999995, "REF_sin_nada_PB_sin_positivo": 0.1621769439999996, "REF_con_todo_PB_sin_negativo": -0.3376013318999993, "REF_con_todo_PB_sin_positivo": 0.5043400614999998, "REF_sin_negativo_PB_sin_positivo": 0.8419413933999991, "REF_0_2_PB_90": 3.1791694777897934}, "Mir_Fibo_Lanc_Interp_Exper_Open_s11_toMean_iX": {"REF_sin_nada_PB_con_todo": -0.34075986476999987, "REF_sin_nada_PB_sin_negativo": -0.6791585132340003, "REF_sin_nada_PB_sin_positivo": 0.1626181799639994, "REF_con_todo_PB_sin_negativo": -0.3383986484640005, "REF_con_todo_PB_sin_positivo": 0.5033780447339993, "REF_sin_negativo_PB_sin_positivo": 0.8417766931979997, "REF_0_2_PB_90": 3.178845670854793}, "Mir_Quad_Lanc_Interp_Exper_Open_s11_toMean_iX": {"REF_sin_nada_PB_con_todo": -0.34127635739999995, "REF_sin_nada_PB_sin_negativo": -0.6798391067999994, "REF_sin_nada_PB_sin_positivo": 0.16263042709999986, "REF_con_todo_PB_sin_negativo": -0.3385627493999994, "REF_con_todo_PB_sin_positivo": 0.5039067844999998, "REF_sin_negativo_PB_sin_positivo": 0.8424695338999992, "REF_0_2_PB_90": 3.178395006589793}, "Rot_Naive_Fibo_Cubic_Interp_Exper_Open_s11_toMean_iX": {"REF_sin_nada_PB_con_todo": -0.3264179889890002, "REF_sin_nada_PB_sin_negativo": -0.6600387269999999, "REF_sin_nada_PB_sin_positivo": 0.1590425415860004, "REF_con_todo_PB_sin_negativo": -0.35176193957699997, "REF_con_todo_PB_sin_positivo": 0.49645835054699994, "REF_sin_negativo_PB_sin_positivo": 0.8147255357340004, "REF_0_2_PB_90": -3.1042540767885862}, "Rot_Naive_Quad_Cubic_Interp_Exper_Open_s11_toMean_iX": {"REF_sin_nada_PB_con_todo": -0.3260970150000002, "REF_sin_nada_PB_sin_negativo": -0.6605110679999999, "REF_sin_nada_PB_sin_positivo": 0.1596758290000002, "REF_con_todo_PB_sin_negativo": -0.35030810379999977, "REF_con_todo_PB_sin_positivo": 0.4951657848000002, "REF_sin_negativo_PB_sin_positivo": 0.815356854, "REF_0_2_PB_90": -3.1052952187795864}, "Rot_Naive_Fibo_Lanc_Interp_Exper_Open_s11_toMean_iX": {"REF_sin_nada_PB_con_todo": -0.3271861105760001, "REF_sin_nada_PB_sin_negativo": -0.6600392730999998, "REF_sin_nada_PB_sin_positivo": 0.15904253777999955, "REF_con_todo_PB_sin_negativo": -0.35176185525199966, "REF_con_todo_PB_sin_positivo": 0.49544550171699964, "REF_sin_negativo_PB_sin_positivo": 0.8147276121039999, "REF_0_2_PB_90": -3.105755724956586}, "Rot_Naive_Quad_Lanc_Interp_Exper_Open_s11_toMean_iX": {"REF_sin_nada_PB_con_todo": -0.32609008779999993, "REF_sin_nada_PB_sin_negativo": -0.6609060329999998, "REF_sin_nada_PB_sin_positivo": 0.15892804090000023, "REF_con_todo_PB_sin_negativo": -0.3496436024999996, "REF_con_todo_PB_sin_positivo": 0.4957524484000002, "REF_sin_negativo_PB_sin_positivo": 0.8153164429000004, "REF_0_2_PB_90": -3.105148287179586}, "Rel_Rot_Fourier_Phase_Correlat_Exper_Open_s11_toMean_iX": {"REF_sin_nada_PB_con_todo": -0.28832839242946307, "REF_sin_nada_PB_sin_negativo": -0.6501351463678873, "REF_sin_nada_PB_sin_positivo": 0.15690509975429023, "REF_con_todo_PB_sin_negativo": -0.32166418114255535, "REF_con_todo_PB_sin_positivo": 0.45710173109731495, "REF_sin_negativo_PB_sin_positivo": 0.8168140899333463, "REF_0_2_PB_90": -3.038618227722128}, "Histo_Intra_Class_Var_Exper_Open_s11_toMean_iX": {"REF_sin_nada_PB_con_todo": -0.4768335150928067, "REF_sin_nada_PB_sin_negativo": -1.3375438311448047, "REF_sin_nada_PB_sin_positivo": -0.06369256338784801, "REF_con_todo_PB_sin_negativo": -0.860710316051998, "REF_con_todo_PB_sin_positivo": 0.41314095170495907, "REF_sin_negativo_PB_sin_positivo": 1.2738512677569571, "REF_0_2_PB_90": 2.4667957658050264}, "Grad_Regress_Exper_Open_s11_toMean_iX": {"REF_sin_nada_PB_con_todo": -0.4807277008408084, "REF_sin_nada_PB_sin_negativo": -1.3653412241326643, "REF_sin_nada_PB_sin_positivo": 0.028738025955440283, "REF_con_todo_PB_sin_negativo": -0.8846135232918595, "REF_con_todo_PB_sin_positivo": 0.5094657267962456, "REF_sin_negativo_PB_sin_positivo": 1.394079250088105, "REF_0_2_PB_90": 2.7996004898063216}}, "times": {"Rot_Kalkandjiev_Fibo_Cubic_Interp_Exper_Open_s11_toMean_iX": {"REF_sin_nada_PB_con_todo": 0.22, "REF_sin_nada_PB_sin_negativo": 0.22, "REF_sin_nada_PB_sin_positivo": 0.22999999999999998, "REF_con_todo_PB_sin_negativo": 0.27, "REF_con_todo_PB_sin_positivo": 0.24, "REF_sin_negativo_PB_sin_positivo": 0.22999999999999998, "REF_0_2_PB_90": 0.22999999999999998}, "Rot_Kalkandjiev_Quad_Cubic_Interp_Exper_Open_s11_toMean_iX": {"REF_sin_nada_PB_con_todo": 0.147, "REF_sin_nada_PB_sin_negativo": 0.184, "REF_sin_nada_PB_sin_positivo": 0.158, "REF_con_todo_PB_sin_negativo": 0.145, "REF_con_todo_PB_sin_positivo": 0.14100000000000001, "REF_sin_negativo_PB_sin_positivo": 0.14600000000000002, "REF_0_2_PB_90": 0.137}, "Rot_Kalkandjiev_Fibo_Lanc_Interp_Exper_Open_s11_toMean_iX": {"REF_sin_nada_PB_con_todo": 0.38, "REF_sin_nada_PB_sin_negativo": 0.38, "REF_sin_nada_PB_sin_positivo": 0.37, "REF_con_todo_PB_sin_negativo": 0.44, "REF_con_todo_PB_sin_positivo": 0.39, "REF_sin_negativo_PB_sin_positivo": 0.39, "REF_0_2_PB_90": 0.39}, "Rot_Kalkandjiev_Quad_Lanc_Interp_Exper_Open_s11_toMean_iX": {"REF_sin_nada_PB_con_todo": 0.25, "REF_sin_nada_PB_sin_negativo": 0.24, "REF_sin_nada_PB_sin_positivo": 0.25, "REF_con_todo_PB_sin_negativo": 0.22999999999999998, "REF_con_todo_PB_sin_positivo": 0.25, "REF_sin_negativo_PB_sin_positivo": 0.24, "REF_0_2_PB_90": 0.25}, "Mir_Fibo_Cubic_Interp_Exper_Open_s11_toMean_iX": {"REF_sin_nada_PB_con_todo": 0.22999999999999998, "REF_sin_nada_PB_sin_negativo": 0.22, "REF_sin_nada_PB_sin_positivo": 0.22999999999999998, "REF_con_todo_PB_sin_negativo": 0.22999999999999998,