{"image_pair_names": ["REF_ezer_PB_bixek", "REF_ezer_PB_sin_negat", "REF_ezer_PB_sin_posit", "REF_bixek_PB_sin_negat", "REF_bixek_PB_sin_posit", "REF_sin_negat_PB_sin_posit"], "predicted_delta_phiCRs": {"Rot_Kalkandjiev_Fibo_Cubic_Interp_Exper_Sigm_k35_c0.3_iX": {"REF_ezer_PB_bixek": -1.1770233253405002, "REF_ezer_PB_sin_negat": 0.8388684828519997, "REF_ezer_PB_sin_posit": 0.392456402151, "REF_bixek_PB_sin_negat": 2.0158918081925, "REF_bixek_PB_sin_posit": 1.5694797274915002, "REF_sin_negat_PB_sin_posit": -0.4464120807009997}, "Rot_Kalkandjiev_Quad_Cubic_Interp_Exper_Sigm_k35_c0.3_iX": {"REF_ezer_PB_bixek": -0.17118985349999982, "REF_ezer_PB_sin_negat": -0.6095424328999999, "REF_ezer_PB_sin_posit": 0.38940685649999995, "REF_bixek_PB_sin_negat": -0.43835257940000005, "REF_bixek_PB_sin_posit": 0.5605967099999998, "REF_sin_negat_PB_sin_posit": 0.9989492893999998}, "Rot_Kalkandjiev_Fibo_Lanc_Interp_Exper_Sigm_k35_c0.3_iX": {"REF_ezer_PB_bixek": -1.1770327033765, "REF_ezer_PB_sin_negat": -0.6067945824999998, "REF_ezer_PB_sin_posit": 0.39244635144999984, "REF_bixek_PB_sin_negat": 0.5702381208765002, "REF_bixek_PB_sin_posit": 1.5694790548264999, "REF_sin_negat_PB_sin_posit": 0.9992409339499997}, "Rot_Kalkandjiev_Quad_Lanc_Interp_Exper_Sigm_k35_c0.3_iX": {"REF_ezer_PB_bixek": -0.17067732850000006, "REF_ezer_PB_sin_negat": 0.3911421715000001, "REF_ezer_PB_sin_posit": 0.3899925215000002, "REF_bixek_PB_sin_negat": 0.5618195000000001, "REF_bixek_PB_sin_posit": 0.5606698500000002, "REF_sin_negat_PB_sin_posit": -0.001149649999999891}, "Mir_Fibo_Cubic_Interp_Exper_Sigm_k35_c0.3_iX": {"REF_ezer_PB_bixek": -1.179902759339, "REF_ezer_PB_sin_negat": 0.3897678957917934, "REF_ezer_PB_sin_posit": 0.38997997107600013, "REF_bixek_PB_sin_negat": 1.5696706551307933, "REF_bixek_PB_sin_posit": 1.569882730415, "REF_sin_negat_PB_sin_posit": 0.00021207528420674748}, "Mir_Quad_Cubic_Interp_Exper_Sigm_k35_c0.3_iX": {"REF_ezer_PB_bixek": -1.1798121220000004, "REF_ezer_PB_sin_negat": 0.390316231589793, "REF_ezer_PB_sin_posit": 0.3900667179999999, "REF_bixek_PB_sin_negat": 1.5701283535897934, "REF_bixek_PB_sin_posit": 1.5698788400000003, "REF_sin_negat_PB_sin_posit": -0.00024951358979308225}, "Mir_Fibo_Lanc_Interp_Exper_Sigm_k35_c0.3_iX": {"REF_ezer_PB_bixek": -1.179943745329, "REF_ezer_PB_sin_negat": 0.3903813038317929, "REF_ezer_PB_sin_posit": 0.3884449054699999, "REF_bixek_PB_sin_negat": 1.570325049160793, "REF_bixek_PB_sin_posit": 1.568388650799, "REF_sin_negat_PB_sin_posit": -0.0019363983617930458}, "Mir_Quad_Lanc_Interp_Exper_Sigm_k35_c0.3_iX": {"REF_ezer_PB_bixek": -1.17964757, "REF_ezer_PB_sin_negat": 0.3907183435897934, "REF_ezer_PB_sin_posit": 0.389631756, "REF_bixek_PB_sin_negat": 1.5703659135897934, "REF_bixek_PB_sin_posit": 1.569279326, "REF_sin_negat_PB_sin_posit": -0.0010865875897934085}, "Rot_Naive_Fibo_Cubic_Interp_Exper_Sigm_k35_c0.3_iX": {"REF_ezer_PB_bixek": -0.17435272217499964, "REF_ezer_PB_sin_negat": -0.61224882502, "REF_ezer_PB_sin_posit": 0.389903898, "REF_bixek_PB_sin_negat": -0.4391514419920002, "REF_bixek_PB_sin_posit": 0.5655132153000002, "REF_sin_negat_PB_sin_posit": -3.1369062473795863}, "Rot_Naive_Quad_Cubic_Interp_Exper_Sigm_k35_c0.3_iX": {"REF_ezer_PB_bixek": -0.1740944259999999, "REF_ezer_PB_sin_negat": -0.6148603599999998, "REF_ezer_PB_sin_posit": 0.39102020999999976, "REF_bixek_PB_sin_negat": -0.4394799899999997, "REF_bixek_PB_sin_posit": 0.5670486500000003, "REF_sin_negat_PB_sin_posit": -3.136822327179586}, "Rot_Naive_Fibo_Lanc_Interp_Exper_Sigm_k35_c0.3_iX": {"REF_ezer_PB_bixek": -0.1739952503769997, "REF_ezer_PB_sin_negat": -0.6161184404549997, "REF_ezer_PB_sin_posit": 0.3899039071599999, "REF_bixek_PB_sin_negat": -0.43918018152399974, "REF_bixek_PB_sin_posit": 0.5654916342999998, "REF_sin_negat_PB_sin_posit": -3.136676285179586}, "Rot_Naive_Quad_Lanc_Interp_Exper_Sigm_k35_c0.3_iX": {"REF_ezer_PB_bixek": -0.17400382200000042, "REF_ezer_PB_sin_negat": -0.6122553589999997, "REF_ezer_PB_sin_posit": 0.3909716999999997, "REF_bixek_PB_sin_negat": -0.43823453300000015, "REF_bixek_PB_sin_posit": 0.5670624010000003, "REF_sin_negat_PB_sin_posit": -3.1369951071795863}, "Rel_Rot_Fourier_Phase_Correlat_Exper_Sigm_k35_c0.3_iX": {"REF_ezer_PB_bixek": -0.04817108735504316, "REF_ezer_PB_sin_negat": -0.6031857894892401, "REF_ezer_PB_sin_posit": 0.40107666210829696, "REF_bixek_PB_sin_negat": -0.43511058252218593, "REF_bixek_PB_sin_posit": 0.5599016240397809, "REF_sin_negat_PB_sin_posit": 0.9890780871051866}, "Histo_Intra_Class_Var_Exper_Sigm_k35_c0.3_iX": {"REF_ezer_PB_bixek": -0.12738512677569602, "REF_ezer_PB_sin_negat": -0.6920110941058066, "REF_ezer_PB_sin_posit": 0.3718268565344631, "REF_bixek_PB_sin_negat": -0.5646259673301106, "REF_bixek_PB_sin_posit": 0.4992119833101589, "REF_sin_negat_PB_sin_posit": 1.0638379506402695}, "Grad_Regress_Exper_Sigm_k35_c0.3_iX": {"REF_ezer_PB_bixek": 0.8442638937898712, "REF_ezer_PB_sin_negat": 0.50666302609274, "REF_ezer_PB_sin_posit": 2.604914717561645, "REF_bixek_PB_sin_negat": -0.33760086769713116, "REF_bixek_PB_sin_posit": 1.760650823771774, "REF_sin_negat_PB_sin_posit": 2.098251691468905}}, "times": {"Rot_Kalkandjiev_Fibo_Cubic_Interp_Exper_Sigm_k35_c0.3_iX": {"REF_ezer_PB_bixek": 0.114, "REF_ezer_PB_sin_negat": 0.11299999999999999, "REF_ezer_PB_sin_posit": 0.11699999999999999, "REF_bixek_PB_sin_negat": 0.097, "REF_bixek_PB_sin_posit": 0.107, "REF_sin_negat_PB_sin_posit": 0.105}, "Rot_Kalkandjiev_Quad_Cubic_Interp_Exper_Sigm_k35_c0.3_iX": {"REF_ezer_PB_bixek": 0.07200000000000001, "REF_ezer_PB_sin_negat": 0.065, "REF_ezer_PB_sin_posit": 0.063, "REF_bixek_PB_sin_negat": 0.07200000000000001, "REF_bixek_PB_sin_posit": 0.07, "REF_sin_negat_PB_sin_posit": 0.061}, "Rot_Kalkandjiev_Fibo_Lanc_Interp_Exper_Sigm_k35_c0.3_iX": {"REF_ezer_PB_bixek": 0.26, "REF_ezer_PB_sin_negat": 0.24, "REF_ezer_PB_sin_posit": 0.214, "REF_bixek_PB_sin_negat": 0.22999999999999998, "REF_bixek_PB_sin_posit": 0.20400000000000001, "REF_sin_negat_PB_sin_posit": 0.20500000000000002}, "Rot_Kalkandjiev_Quad_Lanc_Interp_Exper_Sigm_k35_c0.3_iX": {"REF_ezer_PB_bixek": 0.173, "REF_ezer_PB_sin_negat": 0.143, "REF_ezer_PB_sin_posit": 0.145, "REF_bixek_PB_sin_negat": 0.137, "REF_bixek_PB_sin_posit": 0.136, "REF_sin_negat_PB_sin_posit": 0.107}, "Mir_Fibo_Cubic_Interp_Exper_Sigm_k35_c0.3_iX": {"REF_ezer_PB_bixek": 0.11599999999999999, "REF_ezer_PB_sin_negat": 0.11, "REF_ezer_PB_sin_posit": 0.12, "REF_bixek_PB_sin_negat": 0.10200000000000001, "REF_bixek_PB_sin_posit": 0.11199999999999999, "REF_sin_negat_PB_sin_posit": 0.109}, "Mir_Quad_Cubic_Interp_Exper_Sigm_k35_c0.3_iX": {"REF_ezer_PB_bixek": 0.066, "REF_ezer_PB_sin_negat": 0.063, "REF_ezer_PB_sin_posit": 0.068, "REF_bixek_PB_sin_negat": 0.061, "REF_bixek_PB_sin_posit": 0.066, "REF_sin_negat_PB_sin_posit": 0.063}, "Mir_Fibo_Lanc_Interp_Exper_Sigm_k35_c0.3_iX": {"REF_ezer_PB_bixek": 0.25, "REF_ezer_PB_sin_negat": 0.25, "REF_ezer_PB_sin_posit": 0.229, "REF_bixek_PB_sin_negat": 0.22999999999999998, "REF_bixek_PB_sin_posit": 0.20800000000000002, "REF_sin_negat_PB_sin_posit": 0.218}, "Mir_Quad_Lanc_Interp_Exper_Sigm_k35_c0.3_iX": {"REF_ezer_PB_bixek": 0.14800000000000002, "REF_ezer_PB_sin_negat": 0.122, "REF_ezer_PB_sin_posit": 0.149, "REF_bixek_PB_sin_negat": 0.112, "REF_bixek_PB_sin_posit": 0.14, "REF_sin_negat_PB_sin_posit": 0.11499999999999999}, "Rot_Naive_Fibo_Cubic_Interp_Exper_Sigm_k35_c0.3_iX": {"REF_ezer_PB_bixek": 0.063, "REF_ezer_PB_sin_negat": 0.053, "REF_ezer_PB_sin_posit": 0.049, "REF_bixek_PB_sin_negat": 0.058, "REF_bixek_PB_sin_posit": 0.05, "REF_sin_negat_PB_sin_posit": 0.049}, "Rot_Naive_Quad_Cubic_Interp_Exper_Sigm_k35_c0.3_iX": {"REF_ezer_PB_bixek": 0.036, "REF_ezer_PB_sin_negat": 0.037, "REF_ezer_PB_sin_posit": 0.035, "REF_bixek_PB_sin_negat": 0.037, "REF_bixek_PB_sin_posit": 0.031, "REF_sin_negat_PB_sin_posit": 0.029}, "Rot_Naive_Fibo_Lanc_Interp_Exper_Sigm_k35_c0.3_iX": {"REF_ezer_PB_bixek": 0.14, "REF_ezer_PB_sin_negat": 0.11, "REF_ezer_PB_sin_posit": 0.12, "REF_bixek_PB_sin_negat": 0.13,