{"image_pair_names": ["REF_Sin_ninguno_PB_Con_las_dos", "REF_Sin_ninguno_PB_Sin_negativo", "REF_Sin_ninguno_PB_Sin_positivo", "REF_Con_las_dos_PB_Sin_negativo", "REF_Con_las_dos_PB_Sin_positivo", "REF_Sin_negativo_PB_Sin_positivo", "REF_0_PB_90"], "predicted_delta_phiCRs": {"Rot_Kalkandjiev_Fibo_Cubic_Interp_Exper_Sigm_k55.37334267018538_c0.9_iX": {"REF_Sin_ninguno_PB_Con_las_dos": 4.692999971130586, "REF_Sin_ninguno_PB_Sin_negativo": 6.1084264802805865, "REF_Sin_ninguno_PB_Sin_positivo": -0.019594556809206853, "REF_Con_las_dos_PB_Sin_negativo": 1.4154265091500002, "REF_Con_las_dos_PB_Sin_positivo": -4.712594527939793, "REF_Sin_negativo_PB_Sin_positivo": -6.128021037089793, "REF_0_PB_90": -3.6775002256262934}, "Rot_Kalkandjiev_Quad_Cubic_Interp_Exper_Sigm_k55.37334267018538_c0.9_iX": {"REF_Sin_ninguno_PB_Con_las_dos": 3.9960847576795864, "REF_Sin_ninguno_PB_Sin_negativo": 5.954907070679587, "REF_Sin_ninguno_PB_Sin_positivo": 0.27588038048979335, "REF_Con_las_dos_PB_Sin_negativo": 1.9588223130000002, "REF_Con_las_dos_PB_Sin_positivo": -3.720204377189793, "REF_Sin_negativo_PB_Sin_positivo": -5.679026690189794, "REF_0_PB_90": -3.140761103589793}, "Rot_Kalkandjiev_Fibo_Lanc_Interp_Exper_Sigm_k55.37334267018538_c0.9_iX": {"REF_Sin_ninguno_PB_Con_las_dos": 4.693165837069586, "REF_Sin_ninguno_PB_Sin_negativo": 6.052016417411586, "REF_Sin_ninguno_PB_Sin_positivo": -0.019433657670206994, "REF_Con_las_dos_PB_Sin_negativo": 1.3588505803420001, "REF_Con_las_dos_PB_Sin_positivo": -4.712599494739793, "REF_Sin_negativo_PB_Sin_positivo": -6.071450075081794, "REF_0_PB_90": -3.677585365661793}, "Rot_Kalkandjiev_Quad_Lanc_Interp_Exper_Sigm_k55.37334267018538_c0.9_iX": {"REF_Sin_ninguno_PB_Con_las_dos": 3.9966881872295863, "REF_Sin_ninguno_PB_Sin_negativo": 4.902090823179586, "REF_Sin_ninguno_PB_Sin_positivo": 0.27565209108979305, "REF_Con_las_dos_PB_Sin_negativo": 0.9054026359499998, "REF_Con_las_dos_PB_Sin_positivo": -3.7210360961397932, "REF_Sin_negativo_PB_Sin_positivo": -4.6264387320897935, "REF_0_PB_90": -3.1407210235897924}, "Mir_Fibo_Cubic_Interp_Exper_Sigm_k55.37334267018538_c0.9_iX": {"REF_Sin_ninguno_PB_Con_las_dos": 3.122052451096793, "REF_Sin_ninguno_PB_Sin_negativo": 4.692690028837, "REF_Sin_ninguno_PB_Sin_positivo": 1.551279049032793, "REF_Con_las_dos_PB_Sin_negativo": 1.5706375777402073, "REF_Con_las_dos_PB_Sin_positivo": -1.5707734020639998, "REF_Sin_negativo_PB_Sin_positivo": -3.141410979804207, "REF_0_PB_90": -2.6427808230377936}, "Mir_Quad_Cubic_Interp_Exper_Sigm_k55.37334267018538_c0.9_iX": {"REF_Sin_ninguno_PB_Con_las_dos": 3.122180838589793, "REF_Sin_ninguno_PB_Sin_negativo": 5.967131319589793, "REF_Sin_ninguno_PB_Sin_positivo": 1.5513441335897933, "REF_Con_las_dos_PB_Sin_negativo": 2.844950481, "REF_Con_las_dos_PB_Sin_positivo": -1.5708367049999996, "REF_Sin_negativo_PB_Sin_positivo": -4.415787185999999, "REF_0_PB_90": -2.642812060289793}, "Mir_Fibo_Lanc_Interp_Exper_Sigm_k55.37334267018538_c0.9_iX": {"REF_Sin_ninguno_PB_Con_las_dos": 3.122052460553793, "REF_Sin_ninguno_PB_Sin_negativo": 4.916204096789793, "REF_Sin_ninguno_PB_Sin_positivo": 1.551278038489793, "REF_Con_las_dos_PB_Sin_negativo": 1.7941516362360002, "REF_Con_las_dos_PB_Sin_positivo": -1.5707744220639999, "REF_Sin_negativo_PB_Sin_positivo": -3.3649260583, "REF_0_PB_90": -2.6427159296997935}, "Mir_Quad_Lanc_Interp_Exper_Sigm_k55.37334267018538_c0.9_iX": {"REF_Sin_ninguno_PB_Con_las_dos": 3.121884203589793, "REF_Sin_ninguno_PB_Sin_negativo": 4.9142390244897936, "REF_Sin_ninguno_PB_Sin_positivo": 1.551045913589793, "REF_Con_las_dos_PB_Sin_negativo": 1.7923548209, "REF_Con_las_dos_PB_Sin_positivo": -1.5708382900000002, "REF_Sin_negativo_PB_Sin_positivo": -3.3631931109, "REF_0_PB_90": -2.885929201289793}, "Rot_Naive_Fibo_Cubic_Interp_Exper_Sigm_k55.37334267018538_c0.9_iX": {"REF_Sin_ninguno_PB_Con_las_dos": 2.500885807177, "REF_Sin_ninguno_PB_Sin_negativo": 0.777554802699, "REF_Sin_ninguno_PB_Sin_positivo": 0.1453254227559997, "REF_Con_las_dos_PB_Sin_negativo": -3.131066716426586, "REF_Con_las_dos_PB_Sin_positivo": 3.138880709783, "REF_Sin_negativo_PB_Sin_positivo": 4.3892820413837796e-05, "REF_0_PB_90": -2.6358321927195862}, "Rot_Naive_Quad_Cubic_Interp_Exper_Sigm_k55.37334267018538_c0.9_iX": {"REF_Sin_ninguno_PB_Con_las_dos": 3.1406606, "REF_Sin_ninguno_PB_Sin_negativo": -0.9317102579999998, "REF_Sin_ninguno_PB_Sin_positivo": 0.15272276900000037, "REF_Con_las_dos_PB_Sin_negativo": -3.1322215391795862, "REF_Con_las_dos_PB_Sin_positivo": -3.1381596471795863, "REF_Sin_negativo_PB_Sin_positivo": 4.692820414042842e-06, "REF_0_PB_90": -2.634929750179586}, "Rot_Naive_Fibo_Lanc_Interp_Exper_Sigm_k55.37334267018538_c0.9_iX": {"REF_Sin_ninguno_PB_Con_las_dos": 3.139407593149, "REF_Sin_ninguno_PB_Sin_negativo": 0.3604809077529998, "REF_Sin_ninguno_PB_Sin_positivo": -3.141575307179586, "REF_Con_las_dos_PB_Sin_negativo": -3.135433587757586, "REF_Con_las_dos_PB_Sin_positivo": 3.138880709783, "REF_Sin_negativo_PB_Sin_positivo": 5.7052820413794336e-05, "REF_0_PB_90": -2.634753919339586}, "Rot_Naive_Quad_Lanc_Interp_Exper_Sigm_k55.37334267018538_c0.9_iX": {"REF_Sin_ninguno_PB_Con_las_dos": 3.14065156, "REF_Sin_ninguno_PB_Sin_negativo": -1.2029574336, "REF_Sin_ninguno_PB_Sin_positivo": -3.1411853071795863, "REF_Con_las_dos_PB_Sin_negativo": -3.1345477871795864, "REF_Con_las_dos_PB_Sin_positivo": 3.13893494, "REF_Sin_negativo_PB_Sin_positivo": -0.0012479071795858943, "REF_0_PB_90": -2.635234637179586}, "Rel_Rot_Fourier_Phase_Correlat_Exper_Sigm_k55.37334267018538_c0.9_iX": {"REF_Sin_ninguno_PB_Con_las_dos": 2.4096015653033716, "REF_Sin_ninguno_PB_Sin_negativo": -1.1779227121709734, "REF_Sin_ninguno_PB_Sin_positivo": 0.2727949620867137, "REF_Con_las_dos_PB_Sin_negativo": -0.7717845952318925, "REF_Con_las_dos_PB_Sin_positivo": 0.7682939367279038, "REF_Sin_negativo_PB_Sin_positivo": 1.8847810592286767, "REF_0_PB_90": -2.6312583803066514}, "Histo_Intra_Class_Var_Exper_Sigm_k55.37334267018538_c0.9_iX": {"REF_Sin_ninguno_PB_Con_las_dos": -1.7558490447460766, "REF_Sin_ninguno_PB_Sin_negativo": 0.669632625888454, "REF_Sin_ninguno_PB_Sin_positivo": 0.7143895623231584, "REF_Con_las_dos_PB_Sin_negativo": 2.425481670634531, "REF_Con_las_dos_PB_Sin_positivo": 2.4702386070692346, "REF_Sin_negativo_PB_Sin_positivo": 0.04475693643470391, "REF_0_PB_90": -2.2068612503573224}, "Grad_Regress_Exper_Sigm_k55.37334267018538_c0.9_iX": {"REF_Sin_ninguno_PB_Con_las_dos": -3.0674411458751827, "REF_Sin_ninguno_PB_Sin_negativo": -1.2073690192806463, "REF_Sin_ninguno_PB_Sin_positivo": 0.4588223849500266, "REF_Con_las_dos_PB_Sin_negativo": 1.860072126594536, "REF_Con_las_dos_PB_Sin_positivo": -2.756921776354377, "REF_Sin_negativo_PB_Sin_positivo": 1.6661914042306734, "REF_0_PB_90": -2.47812303011852}}, "times": {"Rot_Kalkandjiev_Fibo_Cubic_Interp_Exper_Sigm_k55.37334267018538_c0.9_iX": {"REF_Sin_ninguno_PB_Con_las_dos": 0.52, "REF_Sin_ninguno_PB_Sin_negativo": 0.44999999999999996, "REF_Sin_ninguno_PB_Sin_positivo": 0.36, "REF_Con_las_dos_PB_Sin_negativo": 0.33, "REF_Con_las_dos_PB_Sin_positivo": 0.31000000000000005, "REF_Sin_negativo_PB_Sin_positivo": 0.32999999999999996, "REF_0_PB_90": 0.4}, "Rot_Kalkandjiev_Quad_Cubic_Interp_Exper_Sigm_k55.37334267018538_c0.9_iX": {"REF_Sin_ninguno_PB_Con_las_dos": 0.25, "REF_Sin_ninguno_PB_Sin_negativo": 0.29000000000000004, "REF_Sin_ninguno_PB_Sin_positivo": 0.31, "REF_Con_las_dos_PB_Sin_negativo": 0.24, "REF_Con_las_dos_PB_Sin_positivo": 0.31, "REF_Sin_negativo_PB_Sin_positivo": 0.33, "REF_0_PB_90": 0.24}, "Rot_Kalkandjiev_Fibo_Lanc_Interp_Exper_Sigm_k55.37334267018538_c0.9_iX": {"REF_Sin_ninguno_PB_Con_las_dos": 0.5700000000000001, "REF_Sin_ninguno_PB_Sin_negativo": 0.63, "REF_Sin_ninguno_PB_Sin_positivo": 0.51, "REF_Con_las_dos_PB_Sin_negativo": 0.62, "REF_Con_las_dos_PB_Sin_positivo": 0.49, "REF_Sin_negativo_PB_Sin_positivo": 0.53, "REF_0_PB_90": 0.76}, "Rot_Kalkandjiev_Quad_Lanc_Interp_Exper_Sigm_k55.37334267018538_c0.9_iX": {"REF_Sin_ninguno_PB_Con_las_dos": 0.47,