{"image_pair_names": ["REF_Sin_ninguno_PB_Con_las_dos", "REF_Sin_ninguno_PB_Sin_negativo", "REF_Sin_ninguno_PB_Sin_positivo", "REF_Con_las_dos_PB_Sin_negativo", "REF_Con_las_dos_PB_Sin_positivo", "REF_Sin_negativo_PB_Sin_positivo", "REF_0_PB_90"], "predicted_delta_phiCRs": {"Rot_Kalkandjiev_Fibo_Cubic_Interp_Exper_Sigm_k35_c0.7_iX": {"REF_Sin_ninguno_PB_Con_las_dos": 1.0983138118, "REF_Sin_ninguno_PB_Sin_negativo": 1.5707326200617933, "REF_Sin_ninguno_PB_Sin_positivo": -4.549666437329586, "REF_Con_las_dos_PB_Sin_negativo": 0.4724188082617933, "REF_Con_las_dos_PB_Sin_positivo": -5.647980249129587, "REF_Sin_negativo_PB_Sin_positivo": -6.12039905739138, "REF_0_PB_90": -2.6295631797622936}, "Rot_Kalkandjiev_Quad_Cubic_Interp_Exper_Sigm_k35_c0.7_iX": {"REF_Sin_ninguno_PB_Con_las_dos": 1.098346945, "REF_Sin_ninguno_PB_Sin_negativo": 1.5707543550897929, "REF_Sin_ninguno_PB_Sin_positivo": -4.549671073029586, "REF_Con_las_dos_PB_Sin_negativo": 0.4724074100897928, "REF_Con_las_dos_PB_Sin_positivo": -5.648018018029586, "REF_Sin_negativo_PB_Sin_positivo": -6.120425428119379, "REF_0_PB_90": -2.628726263089793}, "Rot_Kalkandjiev_Fibo_Lanc_Interp_Exper_Sigm_k35_c0.7_iX": {"REF_Sin_ninguno_PB_Con_las_dos": -3.788674018946293, "REF_Sin_ninguno_PB_Sin_negativo": 0.19809960777049995, "REF_Sin_ninguno_PB_Sin_positivo": -4.549876255529586, "REF_Con_las_dos_PB_Sin_negativo": 3.9867736267167926, "REF_Con_las_dos_PB_Sin_positivo": -0.7612022365832938, "REF_Sin_negativo_PB_Sin_positivo": -4.747975863300086, "REF_0_PB_90": -2.6287230726892927}, "Rot_Kalkandjiev_Quad_Lanc_Interp_Exper_Sigm_k35_c0.7_iX": {"REF_Sin_ninguno_PB_Con_las_dos": -3.807731816589793, "REF_Sin_ninguno_PB_Sin_negativo": 0.19803338349999988, "REF_Sin_ninguno_PB_Sin_positivo": -4.549696699679586, "REF_Con_las_dos_PB_Sin_negativo": 4.005765200089793, "REF_Con_las_dos_PB_Sin_positivo": -0.7419648830897931, "REF_Sin_negativo_PB_Sin_positivo": -4.747730083179587, "REF_0_PB_90": -2.628624492139793}, "Mir_Fibo_Cubic_Interp_Exper_Sigm_k35_c0.7_iX": {"REF_Sin_ninguno_PB_Con_las_dos": -5.974690110824586, "REF_Sin_ninguno_PB_Sin_negativo": -1.064291340690793, "REF_Sin_ninguno_PB_Sin_positivo": -5.812000954157586, "REF_Con_las_dos_PB_Sin_negativo": 4.910398770133793, "REF_Con_las_dos_PB_Sin_positivo": 0.16268915666700012, "REF_Sin_negativo_PB_Sin_positivo": -4.747709613466793, "REF_0_PB_90": -2.0703483024112064}, "Mir_Quad_Cubic_Interp_Exper_Sigm_k35_c0.7_iX": {"REF_Sin_ninguno_PB_Con_las_dos": 0.3083698207600003, "REF_Sin_ninguno_PB_Sin_negativo": -1.064327485829793, "REF_Sin_ninguno_PB_Sin_positivo": -5.812234675719586, "REF_Con_las_dos_PB_Sin_negativo": -1.3726973065897934, "REF_Con_las_dos_PB_Sin_positivo": -6.1206044964795865, "REF_Sin_negativo_PB_Sin_positivo": -4.747907189889793, "REF_0_PB_90": -2.6286845134999997}, "Mir_Fibo_Lanc_Interp_Exper_Sigm_k35_c0.7_iX": {"REF_Sin_ninguno_PB_Con_las_dos": 0.3084261634950005, "REF_Sin_ninguno_PB_Sin_negativo": -1.0642905255947928, "REF_Sin_ninguno_PB_Sin_positivo": -5.812000966634586, "REF_Con_las_dos_PB_Sin_negativo": -1.3727166890897933, "REF_Con_las_dos_PB_Sin_positivo": -6.1204271301295865, "REF_Sin_negativo_PB_Sin_positivo": -4.747710441039793, "REF_0_PB_90": -2.0703481325002064}, "Mir_Quad_Lanc_Interp_Exper_Sigm_k35_c0.7_iX": {"REF_Sin_ninguno_PB_Con_las_dos": -5.974751402808586, "REF_Sin_ninguno_PB_Sin_negativo": -1.064269607219793, "REF_Sin_ninguno_PB_Sin_positivo": -5.812004199109586, "REF_Con_las_dos_PB_Sin_negativo": 4.910481795588793, "REF_Con_las_dos_PB_Sin_positivo": 0.16274720369899986, "REF_Sin_negativo_PB_Sin_positivo": -4.7477345918897935, "REF_0_PB_90": -2.6287162081}, "Rot_Naive_Fibo_Cubic_Interp_Exper_Sigm_k35_c0.7_iX": {"REF_Sin_ninguno_PB_Con_las_dos": -0.12046314080000009, "REF_Sin_ninguno_PB_Sin_negativo": -1.1527002292599997, "REF_Sin_ninguno_PB_Sin_positivo": 0.6729257255499999, "REF_Con_las_dos_PB_Sin_negativo": 3.140548769, "REF_Con_las_dos_PB_Sin_positivo": 0.8189767147899998, "REF_Sin_negativo_PB_Sin_positivo": 3.141459004739, "REF_0_PB_90": -2.601936032330586}, "Rot_Naive_Quad_Cubic_Interp_Exper_Sigm_k35_c0.7_iX": {"REF_Sin_ninguno_PB_Con_las_dos": -0.12036938610000014, "REF_Sin_ninguno_PB_Sin_negativo": -1.1463906132999995, "REF_Sin_ninguno_PB_Sin_positivo": 0.2727517810000002, "REF_Con_las_dos_PB_Sin_negativo": 3.14054236, "REF_Con_las_dos_PB_Sin_positivo": 0.5742796418000005, "REF_Sin_negativo_PB_Sin_positivo": 3.14155, "REF_0_PB_90": -2.6007106161795863}, "Rot_Naive_Fibo_Lanc_Interp_Exper_Sigm_k35_c0.7_iX": {"REF_Sin_ninguno_PB_Con_las_dos": -0.11949862270000011, "REF_Sin_ninguno_PB_Sin_negativo": -1.1527002292599997, "REF_Sin_ninguno_PB_Sin_positivo": 0.5978072509269996, "REF_Con_las_dos_PB_Sin_negativo": 3.140512251, "REF_Con_las_dos_PB_Sin_positivo": 0.8181705610999996, "REF_Sin_negativo_PB_Sin_positivo": 3.141408188, "REF_0_PB_90": -2.6028433235795863}, "Rot_Naive_Quad_Lanc_Interp_Exper_Sigm_k35_c0.7_iX": {"REF_Sin_ninguno_PB_Con_las_dos": -0.11976956220000012, "REF_Sin_ninguno_PB_Sin_negativo": -1.15269976, "REF_Sin_ninguno_PB_Sin_positivo": 0.25625367833000023, "REF_Con_las_dos_PB_Sin_negativo": 3.14052776, "REF_Con_las_dos_PB_Sin_positivo": 0.7472538105000002, "REF_Sin_negativo_PB_Sin_positivo": -3.1411381871795863, "REF_0_PB_90": -2.6024441786795864}, "Rel_Rot_Fourier_Phase_Correlat_Exper_Sigm_k35_c0.7_iX": {"REF_Sin_ninguno_PB_Con_las_dos": -0.16475908138826512, "REF_Sin_ninguno_PB_Sin_negativo": -1.063603646165344, "REF_Sin_ninguno_PB_Sin_positivo": 0.5911430176504794, "REF_Con_las_dos_PB_Sin_negativo": -0.8468337530676484, "REF_Con_las_dos_PB_Sin_positivo": 0.6372197099031297, "REF_Sin_negativo_PB_Sin_positivo": 1.3763666481227284, "REF_0_PB_90": -2.6000169866959526}, "Histo_Intra_Class_Var_Exper_Sigm_k35_c0.7_iX": {"REF_Sin_ninguno_PB_Con_las_dos": 1.872905647729148, "REF_Sin_ninguno_PB_Sin_negativo": -1.0672807919044773, "REF_Sin_ninguno_PB_Sin_positivo": 1.0810521569613103, "REF_Con_las_dos_PB_Sin_negativo": -2.9401864396336257, "REF_Con_las_dos_PB_Sin_positivo": -0.7918534907678385, "REF_Sin_negativo_PB_Sin_positivo": 2.1483329488657876, "REF_0_PB_90": -2.349739162821955}, "Grad_Regress_Exper_Sigm_k35_c0.7_iX": {"REF_Sin_ninguno_PB_Con_las_dos": 0.20960680625518258, "REF_Sin_ninguno_PB_Sin_negativo": -0.36161474550604567, "REF_Sin_ninguno_PB_Sin_positivo": 0.7560975073087466, "REF_Con_las_dos_PB_Sin_negativo": -0.5712215517612282, "REF_Con_las_dos_PB_Sin_positivo": 0.5464907010535645, "REF_Sin_negativo_PB_Sin_positivo": 1.1177122528147923, "REF_0_PB_90": -2.42742051591893}}, "times": {"Rot_Kalkandjiev_Fibo_Cubic_Interp_Exper_Sigm_k35_c0.7_iX": {"REF_Sin_ninguno_PB_Con_las_dos": 0.46, "REF_Sin_ninguno_PB_Sin_negativo": 0.34, "REF_Sin_ninguno_PB_Sin_positivo": 0.38, "REF_Con_las_dos_PB_Sin_negativo": 0.42000000000000004, "REF_Con_las_dos_PB_Sin_positivo": 0.47, "REF_Sin_negativo_PB_Sin_positivo": 0.41000000000000003, "REF_0_PB_90": 0.48}, "Rot_Kalkandjiev_Quad_Cubic_Interp_Exper_Sigm_k35_c0.7_iX": {"REF_Sin_ninguno_PB_Con_las_dos": 0.33, "REF_Sin_ninguno_PB_Sin_negativo": 0.23099999999999998, "REF_Sin_ninguno_PB_Sin_positivo": 0.27, "REF_Con_las_dos_PB_Sin_negativo": 0.217, "REF_Con_las_dos_PB_Sin_positivo": 0.29000000000000004, "REF_Sin_negativo_PB_Sin_positivo": 0.272, "REF_0_PB_90": 0.30000000000000004}, "Rot_Kalkandjiev_Fibo_Lanc_Interp_Exper_Sigm_k35_c0.7_iX": {"REF_Sin_ninguno_PB_Con_las_dos": 0.73, "REF_Sin_ninguno_PB_Sin_negativo": 0.63, "REF_Sin_ninguno_PB_Sin_positivo": 0.55, "REF_Con_las_dos_PB_Sin_negativo": 0.76, "REF_Con_las_dos_PB_Sin_positivo": 0.81, "REF_Sin_negativo_PB_Sin_positivo": 0.74, "REF_0_PB_90": 0.75}, "Rot_Kalkandjiev_Quad_Lanc_Interp_Exper_Sigm_k35_c0.7_iX": {"REF_Sin_ninguno_PB_Con_las_dos": 0.33999999999999997, "REF_Sin_ninguno_PB_Sin_negativo": 0.38, "REF_Sin_ninguno_PB_Sin_positivo": 0.39, "REF_Con_las_dos_PB_Sin_negativo": 0.55, "REF_Con_las_dos_PB_Sin_positivo": 0.51, "REF_Sin_negativo_PB_Sin_positivo": 0.44, "REF_0_PB_90": 0.44},