{"image_pair_names": ["REF_sin_nada_PB_con_todo", "REF_sin_nada_PB_sin_negativo", "REF_sin_nada_PB_sin_positivo", "REF_con_todo_PB_sin_negativo", "REF_con_todo_PB_sin_positivo", "REF_sin_negativo_PB_sin_positivo", "REF_0_2_PB_90"], "predicted_delta_phiCRs": {"Rot_Kalkandjiev_Fibo_Cubic_Interp_Exper_Sat_5per_iX": {"REF_sin_nada_PB_con_todo": -6.041101342298586, "REF_sin_nada_PB_sin_negativo": -1.8010033947212933, "REF_sin_nada_PB_sin_positivo": 0.1316005275384997, "REF_con_todo_PB_sin_negativo": 4.240097947577293, "REF_con_todo_PB_sin_positivo": 6.172701869837086, "REF_sin_negativo_PB_sin_positivo": 1.932603922259793, "REF_0_2_PB_90": -3.554858120415793}, "Rot_Kalkandjiev_Quad_Cubic_Interp_Exper_Sat_5per_iX": {"REF_sin_nada_PB_con_todo": -6.061992352279587, "REF_sin_nada_PB_sin_negativo": -1.7797881551397934, "REF_sin_nada_PB_sin_positivo": 0.11086846984999976, "REF_con_todo_PB_sin_negativo": 4.282204197139793, "REF_con_todo_PB_sin_positivo": 6.172860822129586, "REF_sin_negativo_PB_sin_positivo": 1.8906566249897931, "REF_0_2_PB_90": -3.5550904960897936}, "Rot_Kalkandjiev_Fibo_Lanc_Interp_Exper_Sat_5per_iX": {"REF_sin_nada_PB_con_todo": -6.041290243141586, "REF_sin_nada_PB_sin_negativo": -1.801182184946293, "REF_sin_nada_PB_sin_positivo": 0.13165156976000025, "REF_con_todo_PB_sin_negativo": 4.240108058195293, "REF_con_todo_PB_sin_positivo": 6.172941812901586, "REF_sin_negativo_PB_sin_positivo": 1.9328337547062933, "REF_0_2_PB_90": -3.553770593093793}, "Rot_Kalkandjiev_Quad_Lanc_Interp_Exper_Sat_5per_iX": {"REF_sin_nada_PB_con_todo": -6.062502729179586, "REF_sin_nada_PB_sin_negativo": -1.8172333656397934, "REF_sin_nada_PB_sin_positivo": 0.10972646759999982, "REF_con_todo_PB_sin_negativo": 4.2452693635397925, "REF_con_todo_PB_sin_positivo": 6.172229196779586, "REF_sin_negativo_PB_sin_positivo": 1.9269598332397933, "REF_0_2_PB_90": -3.554258999639793}, "Mir_Fibo_Cubic_Interp_Exper_Sat_5per_iX": {"REF_sin_nada_PB_con_todo": -4.403249665352793, "REF_sin_nada_PB_sin_negativo": -0.15212162321300005, "REF_sin_nada_PB_sin_positivo": 1.7509259500757928, "REF_con_todo_PB_sin_negativo": 4.2511280421397935, "REF_con_todo_PB_sin_positivo": 6.154175615428586, "REF_sin_negativo_PB_sin_positivo": 1.9030475732887928, "REF_0_2_PB_90": -4.636593294726794}, "Mir_Quad_Cubic_Interp_Exper_Sat_5per_iX": {"REF_sin_nada_PB_con_todo": -4.383397218639793, "REF_sin_nada_PB_sin_negativo": -0.08011786250000008, "REF_sin_nada_PB_sin_positivo": 1.7805472475897934, "REF_con_todo_PB_sin_negativo": 4.303279356139793, "REF_con_todo_PB_sin_positivo": 6.163944466229587, "REF_sin_negativo_PB_sin_positivo": 1.8606651100897935, "REF_0_2_PB_90": -4.643351783089793}, "Mir_Fibo_Lanc_Interp_Exper_Sat_5per_iX": {"REF_sin_nada_PB_con_todo": -4.404141357947793, "REF_sin_nada_PB_sin_negativo": -0.12791196225400014, "REF_sin_nada_PB_sin_positivo": 1.7494156068737932, "REF_con_todo_PB_sin_negativo": 4.276229395693793, "REF_con_todo_PB_sin_positivo": 6.153556964821586, "REF_sin_negativo_PB_sin_positivo": 1.8773275691277933, "REF_0_2_PB_90": -4.636590864280794}, "Mir_Quad_Lanc_Interp_Exper_Sat_5per_iX": {"REF_sin_nada_PB_con_todo": -4.383956070089793, "REF_sin_nada_PB_sin_negativo": -0.12787549929999997, "REF_sin_nada_PB_sin_positivo": 1.7803673909897935, "REF_con_todo_PB_sin_negativo": 4.256080570789793, "REF_con_todo_PB_sin_positivo": 6.1643234610795865, "REF_sin_negativo_PB_sin_positivo": 1.9082428902897934, "REF_0_2_PB_90": -4.639225960589792}, "Rot_Naive_Fibo_Cubic_Interp_Exper_Sat_5per_iX": {"REF_sin_nada_PB_con_todo": -0.006416876664999904, "REF_sin_nada_PB_sin_negativo": -0.07928363999500032, "REF_sin_nada_PB_sin_positivo": 0.08026928395600041, "REF_con_todo_PB_sin_negativo": 0.33956094416399996, "REF_con_todo_PB_sin_positivo": 0.021063933832000004, "REF_sin_negativo_PB_sin_positivo": -0.0985669131589999, "REF_0_2_PB_90": -3.135102388743586}, "Rot_Naive_Quad_Cubic_Interp_Exper_Sat_5per_iX": {"REF_sin_nada_PB_con_todo": -0.005780449999999604, "REF_sin_nada_PB_sin_negativo": 0.03753525599999996, "REF_sin_nada_PB_sin_positivo": 0.08308479719999973, "REF_con_todo_PB_sin_negativo": 0.23195823999999998, "REF_con_todo_PB_sin_positivo": -0.003161910000000212, "REF_sin_negativo_PB_sin_positivo": -0.1054665589999999, "REF_0_2_PB_90": 3.08671099}, "Rot_Naive_Fibo_Lanc_Interp_Exper_Sat_5per_iX": {"REF_sin_nada_PB_con_todo": -0.0031981389610002964, "REF_sin_nada_PB_sin_negativo": -0.07801462630999989, "REF_sin_nada_PB_sin_positivo": 0.08020556061299988, "REF_con_todo_PB_sin_negativo": 0.33583157960099985, "REF_con_todo_PB_sin_positivo": -0.07133396126199987, "REF_sin_negativo_PB_sin_positivo": -0.12233561075700017, "REF_0_2_PB_90": -3.1263212022255864}, "Rot_Naive_Quad_Lanc_Interp_Exper_Sat_5per_iX": {"REF_sin_nada_PB_con_todo": -0.019957164200000044, "REF_sin_nada_PB_sin_negativo": 0.03679916689999985, "REF_sin_nada_PB_sin_positivo": 0.08265900900000034, "REF_con_todo_PB_sin_negativo": 0.23026969360000038, "REF_con_todo_PB_sin_positivo": 0.008930590000000294, "REF_sin_negativo_PB_sin_positivo": -0.10534445560000005, "REF_0_2_PB_90": 3.1060327233}, "Rel_Rot_Fourier_Phase_Correlat_Exper_Sat_5per_iX": {"REF_sin_nada_PB_con_todo": -0.0024434609527919093, "REF_sin_nada_PB_sin_negativo": -1.5463617172669757, "REF_sin_nada_PB_sin_positivo": -0.0006981317007976884, "REF_con_todo_PB_sin_negativo": 0.007330382858376184, "REF_con_todo_PB_sin_positivo": -0.0031415926535895977, "REF_sin_negativo_PB_sin_positivo": -0.00925024503557026, "REF_0_2_PB_90": -3.1405454560385966}, "Histo_Intra_Class_Var_Exper_Sat_5per_iX": {"REF_sin_nada_PB_con_todo": 0.3201842375713433, "REF_sin_nada_PB_sin_negativo": 1.9779123062874913, "REF_sin_nada_PB_sin_positivo": 0.3201842375713433, "REF_con_todo_PB_sin_negativo": 1.6577280687161489, "REF_con_todo_PB_sin_positivo": 0.0, "REF_sin_negativo_PB_sin_positivo": -1.6577280687161489, "REF_0_2_PB_90": -3.009043264917785}, "Grad_Regress_Exper_Sat_5per_iX": {"REF_sin_nada_PB_con_todo": -0.033569410271082845, "REF_sin_nada_PB_sin_negativo": -2.6001258251662764, "REF_sin_nada_PB_sin_positivo": -0.08433504432038408, "REF_con_todo_PB_sin_negativo": -2.566556414895194, "REF_con_todo_PB_sin_positivo": -0.05076563404930212, "REF_sin_negativo_PB_sin_positivo": 2.5157907808458924, "REF_0_2_PB_90": 2.6463627541674066}}, "times": {"Rot_Kalkandjiev_Fibo_Cubic_Interp_Exper_Sat_5per_iX": {"REF_sin_nada_PB_con_todo": 0.22999999999999998, "REF_sin_nada_PB_sin_negativo": 0.22999999999999998, "REF_sin_nada_PB_sin_positivo": 0.22, "REF_con_todo_PB_sin_negativo": 0.217, "REF_con_todo_PB_sin_positivo": 0.22, "REF_sin_negativo_PB_sin_positivo": 0.22, "REF_0_2_PB_90": 0.22999999999999998}, "Rot_Kalkandjiev_Quad_Cubic_Interp_Exper_Sat_5per_iX": {"REF_sin_nada_PB_con_todo": 0.138, "REF_sin_nada_PB_sin_negativo": 0.15200000000000002, "REF_sin_nada_PB_sin_positivo": 0.136, "REF_con_todo_PB_sin_negativo": 0.14500000000000002, "REF_con_todo_PB_sin_positivo": 0.134, "REF_sin_negativo_PB_sin_positivo": 0.14600000000000002, "REF_0_2_PB_90": 0.147}, "Rot_Kalkandjiev_Fibo_Lanc_Interp_Exper_Sat_5per_iX": {"REF_sin_nada_PB_con_todo": 0.39, "REF_sin_nada_PB_sin_negativo": 0.4, "REF_sin_nada_PB_sin_positivo": 0.39, "REF_con_todo_PB_sin_negativo": 0.38, "REF_con_todo_PB_sin_positivo": 0.4, "REF_sin_negativo_PB_sin_positivo": 0.39, "REF_0_2_PB_90": 0.38}, "Rot_Kalkandjiev_Quad_Lanc_Interp_Exper_Sat_5per_iX": {"REF_sin_nada_PB_con_todo": 0.21000000000000002, "REF_sin_nada_PB_sin_negativo": 0.22999999999999998, "REF_sin_nada_PB_sin_positivo": 0.24000000000000002, "REF_con_todo_PB_sin_negativo": 0.228, "REF_con_todo_PB_sin_positivo": 0.22, "REF_sin_negativo_PB_sin_positivo": 0.26, "REF_0_2_PB_90": 0.28}, "Mir_Fibo_Cubic_Interp_Exper_Sat_5per_iX": {"REF_sin_nada_PB_con_todo": 0.22, "REF_sin_nada_PB_sin_negativo": 0.22, "REF_sin_nada_PB_sin_positivo": 0.21000000000000002, "REF_con_todo_PB_sin_negativo": 0.21000000000000002, "REF_con_todo_PB_sin_positivo": 0.2, "REF_sin_negativo_PB_sin_positivo": 0.197, "REF_0_2_PB_90": 0.196},