{"image_pair_names": ["REF_sin_nada_PB_con_todo", "REF_sin_nada_PB_sin_negativo", "REF_sin_nada_PB_sin_positivo", "REF_con_todo_PB_sin_negativo", "REF_con_todo_PB_sin_positivo", "REF_sin_negativo_PB_sin_positivo", "REF_0_2_PB_90"], "predicted_delta_phiCRs": {"Simulation_Geom_Prepr_Mean_DS_Exper_Searc_NM": {"REF_sin_nada_PB_con_todo": -0.14896078381413602, "REF_sin_nada_PB_sin_negativo": -0.49928893819945586, "REF_sin_nada_PB_sin_positivo": 0.36436844341011554, "REF_con_todo_PB_sin_negativo": -0.35032815438531983, "REF_con_todo_PB_sin_positivo": 0.5133292272242462, "REF_sin_negativo_PB_sin_positivo": 0.8636573816095678, "REF_0_2_PB_90": 3.1377838707479997}, "Simulation_Geom_Prepr_Mean_DS_Exper_Searc_P": {"REF_sin_nada_PB_con_todo": -0.1613122018031099, "REF_sin_nada_PB_sin_negativo": -0.5028356494193309, "REF_sin_nada_PB_sin_positivo": 0.36241943993395154, "REF_con_todo_PB_sin_negativo": -0.341523447616221, "REF_con_todo_PB_sin_positivo": 0.5237316417370561, "REF_sin_negativo_PB_sin_positivo": 0.8652550893532798, "REF_0_2_PB_90": -3.089803731695752}}, "times": {"Simulation_Geom_Prepr_Mean_DS_Exper_Searc_NM": {"REF_sin_nada_PB_con_todo": 1.6690571308135986, "REF_sin_nada_PB_sin_negativo": 1.6234002113342285, "REF_sin_nada_PB_sin_positivo": 1.801807165145874, "REF_con_todo_PB_sin_negativo": 1.647171974182129, "REF_con_todo_PB_sin_positivo": 1.6542928218841553, "REF_sin_negativo_PB_sin_positivo": 1.6702101230621338, "REF_0_2_PB_90": 1.5705337524414062}, "Simulation_Geom_Prepr_Mean_DS_Exper_Searc_P": {"REF_sin_nada_PB_con_todo": 1.6518642902374268, "REF_sin_nada_PB_sin_negativo": 1.6044683456420898, "REF_sin_nada_PB_sin_positivo": 1.5762925148010254, "REF_con_todo_PB_sin_negativo": 1.5833544731140137, "REF_con_todo_PB_sin_positivo": 1.6025824546813965, "REF_sin_negativo_PB_sin_positivo": 1.625101089477539, "REF_0_2_PB_90": 1.5461907386779785}}}