{"image_pair_names": ["REF_ezer_PB_bixek", "REF_ezer_PB_sin_negat", "REF_ezer_PB_sin_posit", "REF_bixek_PB_sin_negat", "REF_bixek_PB_sin_posit", "REF_sin_negat_PB_sin_posit"], "predicted_delta_phiCRs": {"Rot_Kalkandjiev_Fibo_Cubic_Interp_Exper_Open_s9_toMean_iX": {"REF_ezer_PB_bixek": -0.3617931905649998, "REF_ezer_PB_sin_negat": -0.941562106469793, "REF_ezer_PB_sin_posit": 0.5268972040935, "REF_bixek_PB_sin_negat": -0.5797689159047932, "REF_bixek_PB_sin_posit": 0.8886903946584999, "REF_sin_negat_PB_sin_posit": 1.468459310563293}, "Rot_Kalkandjiev_Quad_Cubic_Interp_Exper_Open_s9_toMean_iX": {"REF_ezer_PB_bixek": -0.3617044518000001, "REF_ezer_PB_sin_negat": -0.9414818845897932, "REF_ezer_PB_sin_posit": 0.5246835699999999, "REF_bixek_PB_sin_negat": -0.5797774327897931, "REF_bixek_PB_sin_posit": 0.8863880218, "REF_sin_negat_PB_sin_posit": 1.466165454589793}, "Rot_Kalkandjiev_Fibo_Lanc_Interp_Exper_Open_s9_toMean_iX": {"REF_ezer_PB_bixek": -0.3608002653, "REF_ezer_PB_sin_negat": -0.940532241619793, "REF_ezer_PB_sin_posit": 0.5258392862000001, "REF_bixek_PB_sin_negat": -0.579731976319793, "REF_bixek_PB_sin_posit": 0.8866395515000001, "REF_sin_negat_PB_sin_posit": 1.466371527819793}, "Rot_Kalkandjiev_Quad_Lanc_Interp_Exper_Open_s9_toMean_iX": {"REF_ezer_PB_bixek": -0.35970856250000005, "REF_ezer_PB_sin_negat": -0.9394835470897931, "REF_ezer_PB_sin_posit": 0.5265452510000002, "REF_bixek_PB_sin_negat": -0.579774984589793, "REF_bixek_PB_sin_posit": 0.8862538135000002, "REF_sin_negat_PB_sin_posit": 1.4660287980897933}, "Mir_Fibo_Cubic_Interp_Exper_Open_s9_toMean_iX": {"REF_ezer_PB_bixek": -0.358691274563, "REF_ezer_PB_sin_negat": -0.938521839863, "REF_ezer_PB_sin_posit": 0.527175564557, "REF_bixek_PB_sin_negat": -0.5798305653, "REF_bixek_PB_sin_posit": 0.88586683912, "REF_sin_negat_PB_sin_posit": 1.46569740442}, "Mir_Quad_Cubic_Interp_Exper_Open_s9_toMean_iX": {"REF_ezer_PB_bixek": -0.36067886169999996, "REF_ezer_PB_sin_negat": -0.9414532237, "REF_ezer_PB_sin_posit": 0.5259297343, "REF_bixek_PB_sin_negat": -0.5807743619999999, "REF_bixek_PB_sin_posit": 0.886608596, "REF_sin_negat_PB_sin_posit": 1.467382958}, "Mir_Fibo_Lanc_Interp_Exper_Open_s9_toMean_iX": {"REF_ezer_PB_bixek": -0.3586926623979999, "REF_ezer_PB_sin_negat": -0.9384340826489999, "REF_ezer_PB_sin_posit": 0.527777135669, "REF_bixek_PB_sin_negat": -0.5797414202510001, "REF_bixek_PB_sin_posit": 0.8864697980669999, "REF_sin_negat_PB_sin_posit": 1.4662112183179998}, "Mir_Quad_Lanc_Interp_Exper_Open_s9_toMean_iX": {"REF_ezer_PB_bixek": -0.36215201499999994, "REF_ezer_PB_sin_negat": -0.9412571859999999, "REF_ezer_PB_sin_posit": 0.5251776890000002, "REF_bixek_PB_sin_negat": -0.5791051709999999, "REF_bixek_PB_sin_posit": 0.8873297040000001, "REF_sin_negat_PB_sin_posit": 1.466434875}, "Rot_Naive_Fibo_Cubic_Interp_Exper_Open_s9_toMean_iX": {"REF_ezer_PB_bixek": -0.3458144135039998, "REF_ezer_PB_sin_negat": -0.9518076437499996, "REF_ezer_PB_sin_posit": 0.5104112502260003, "REF_bixek_PB_sin_negat": -0.546352315989, "REF_bixek_PB_sin_posit": 0.8544662941740002, "REF_sin_negat_PB_sin_posit": 1.4716441271600003}, "Rot_Naive_Quad_Cubic_Interp_Exper_Open_s9_toMean_iX": {"REF_ezer_PB_bixek": -0.3457819999999998, "REF_ezer_PB_sin_negat": -0.9523326570000004, "REF_ezer_PB_sin_posit": 0.5104887329999999, "REF_bixek_PB_sin_negat": -0.547361124, "REF_bixek_PB_sin_posit": 0.8525134000000003, "REF_sin_negat_PB_sin_posit": 1.4660938100000003}, "Rot_Naive_Fibo_Lanc_Interp_Exper_Open_s9_toMean_iX": {"REF_ezer_PB_bixek": -0.3450509515720004, "REF_ezer_PB_sin_negat": -0.9477138398800005, "REF_ezer_PB_sin_posit": 0.5103679701320001, "REF_bixek_PB_sin_negat": -0.546352315989, "REF_bixek_PB_sin_posit": 0.8533384782129998, "REF_sin_negat_PB_sin_posit": 1.4716450407790003}, "Rot_Naive_Quad_Lanc_Interp_Exper_Open_s9_toMean_iX": {"REF_ezer_PB_bixek": -0.34405606199999994, "REF_ezer_PB_sin_negat": -0.9482653000000001, "REF_ezer_PB_sin_posit": 0.5109341000000001, "REF_bixek_PB_sin_negat": -0.5450968610000002, "REF_bixek_PB_sin_posit": 0.85194277, "REF_sin_negat_PB_sin_posit": 1.46537643}, "Rel_Rot_Fourier_Phase_Correlat_Exper_Open_s9_toMean_iX": {"REF_ezer_PB_bixek": -0.1082104136236488, "REF_ezer_PB_sin_negat": -0.9101892049150431, "REF_ezer_PB_sin_posit": 0.5269149011770881, "REF_bixek_PB_sin_negat": -0.7705628647554965, "REF_bixek_PB_sin_posit": 0.8314748556500986, "REF_sin_negat_PB_sin_posit": 1.5255922991682433}, "Histo_Intra_Class_Var_Exper_Open_s9_toMean_iX": {"REF_ezer_PB_bixek": -0.4389622611865187, "REF_ezer_PB_sin_negat": -1.191223077415966, "REF_ezer_PB_sin_posit": 0.5164261896311988, "REF_bixek_PB_sin_negat": -0.7522608162294464, "REF_bixek_PB_sin_posit": 0.955388450817718, "REF_sin_negat_PB_sin_posit": 1.7076492670471644}, "Grad_Regress_Exper_Open_s9_toMean_iX": {"REF_ezer_PB_bixek": -0.00032239537214895364, "REF_ezer_PB_sin_negat": 3.140491183908866, "REF_ezer_PB_sin_posit": -0.00369285131715813, "REF_bixek_PB_sin_negat": 3.140813579281015, "REF_bixek_PB_sin_posit": -0.0033704559450082883, "REF_sin_negat_PB_sin_posit": 3.1390012719535627}}, "times": {"Rot_Kalkandjiev_Fibo_Cubic_Interp_Exper_Open_s9_toMean_iX": {"REF_ezer_PB_bixek": 0.128, "REF_ezer_PB_sin_negat": 0.118, "REF_ezer_PB_sin_posit": 0.121, "REF_bixek_PB_sin_negat": 0.11699999999999999, "REF_bixek_PB_sin_posit": 0.125, "REF_sin_negat_PB_sin_posit": 0.11199999999999999}, "Rot_Kalkandjiev_Quad_Cubic_Interp_Exper_Open_s9_toMean_iX": {"REF_ezer_PB_bixek": 0.065, "REF_ezer_PB_sin_negat": 0.067, "REF_ezer_PB_sin_posit": 0.057999999999999996, "REF_bixek_PB_sin_negat": 0.069, "REF_bixek_PB_sin_posit": 0.06, "REF_sin_negat_PB_sin_posit": 0.064}, "Rot_Kalkandjiev_Fibo_Lanc_Interp_Exper_Open_s9_toMean_iX": {"REF_ezer_PB_bixek": 0.26, "REF_ezer_PB_sin_negat": 0.26, "REF_ezer_PB_sin_posit": 0.26, "REF_bixek_PB_sin_negat": 0.26, "REF_bixek_PB_sin_posit": 0.26, "REF_sin_negat_PB_sin_posit": 0.26}, "Rot_Kalkandjiev_Quad_Lanc_Interp_Exper_Open_s9_toMean_iX": {"REF_ezer_PB_bixek": 0.138, "REF_ezer_PB_sin_negat": 0.147, "REF_ezer_PB_sin_posit": 0.146, "REF_bixek_PB_sin_negat": 0.136, "REF_bixek_PB_sin_posit": 0.135, "REF_sin_negat_PB_sin_posit": 0.145}, "Mir_Fibo_Cubic_Interp_Exper_Open_s9_toMean_iX": {"REF_ezer_PB_bixek": 0.107, "REF_ezer_PB_sin_negat": 0.122, "REF_ezer_PB_sin_posit": 0.12, "REF_bixek_PB_sin_negat": 0.112, "REF_bixek_PB_sin_posit": 0.108, "REF_sin_negat_PB_sin_posit": 0.123}, "Mir_Quad_Cubic_Interp_Exper_Open_s9_toMean_iX": {"REF_ezer_PB_bixek": 0.069, "REF_ezer_PB_sin_negat": 0.064, "REF_ezer_PB_sin_posit": 0.07200000000000001, "REF_bixek_PB_sin_negat": 0.064, "REF_bixek_PB_sin_posit": 0.07, "REF_sin_negat_PB_sin_posit": 0.067}, "Mir_Fibo_Lanc_Interp_Exper_Open_s9_toMean_iX": {"REF_ezer_PB_bixek": 0.24, "REF_ezer_PB_sin_negat": 0.24, "REF_ezer_PB_sin_posit": 0.24, "REF_bixek_PB_sin_negat": 0.22999999999999998, "REF_bixek_PB_sin_posit": 0.26, "REF_sin_negat_PB_sin_posit": 0.24}, "Mir_Quad_Lanc_Interp_Exper_Open_s9_toMean_iX": {"REF_ezer_PB_bixek": 0.148, "REF_ezer_PB_sin_negat": 0.148, "REF_ezer_PB_sin_posit": 0.15, "REF_bixek_PB_sin_negat": 0.147, "REF_bixek_PB_sin_posit": 0.159, "REF_sin_negat_PB_sin_posit": 0.149}, "Rot_Naive_Fibo_Cubic_Interp_Exper_Open_s9_toMean_iX": {"REF_ezer_PB_bixek": 0.061, "REF_ezer_PB_sin_negat": 0.06, "REF_ezer_PB_sin_posit": 0.065, "REF_bixek_PB_sin_negat": 0.062, "REF_bixek_PB_sin_posit": 0.062, "REF_sin_negat_PB_sin_posit": 0.058}, "Rot_Naive_Quad_Cubic_Interp_Exper_Open_s9_toMean_iX": {"REF_ezer_PB_bixek": 0.028, "REF_ezer_PB_sin_negat": 0.035, "REF_ezer_PB_sin_posit": 0.036, "REF_bixek_PB_sin_negat": 0.035, "REF_bixek_PB_sin_posit": 0.029, "REF_sin_negat_PB_sin_posit": 0.033}, "Rot_Naive_Fibo_Lanc_Interp_Exper_Open_s9_toMean_iX": {"REF_ezer_PB_bixek": 0.13, "REF_ezer_PB_sin_negat": 0.12, "REF_ezer_PB_sin_posit": 0.13, "REF_bixek_PB_sin_negat": 0.12, "REF_bixek_PB_sin_posit": 0.11, "REF_sin_negat_PB_sin_posit": 0.15}, "Rot_Naive_Quad_Lanc_Interp_Exper_Open_s9_toMean_iX": {"REF_ezer_PB_bixek": 0.068,