{"image_pair_names": ["REF_sin_nada_PB_con_todo", "REF_sin_nada_PB_sin_negativo", "REF_sin_nada_PB_sin_positivo", "REF_con_todo_PB_sin_negativo", "REF_con_todo_PB_sin_positivo", "REF_sin_negativo_PB_sin_positivo", "REF_0_2_PB_90"], "predicted_delta_phiCRs": {"Rot_Kalkandjiev_Fibo_Cubic_Interp_Exper_Sigm_k35_c0.5_iX": {"REF_sin_nada_PB_con_todo": -0.10924794802350046, "REF_sin_nada_PB_sin_negativo": -0.5628564227075001, "REF_sin_nada_PB_sin_positivo": 0.3549979594324997, "REF_con_todo_PB_sin_negativo": -0.4536084746839997, "REF_con_todo_PB_sin_positivo": 0.46424590745600014, "REF_sin_negativo_PB_sin_positivo": 0.9178543821399998, "REF_0_2_PB_90": 3.0087060418467932}, "Rot_Kalkandjiev_Quad_Cubic_Interp_Exper_Sigm_k35_c0.5_iX": {"REF_sin_nada_PB_con_todo": -0.10863468084999983, "REF_sin_nada_PB_sin_negativo": -0.5625530628500002, "REF_sin_nada_PB_sin_positivo": 0.3552593794500005, "REF_con_todo_PB_sin_negativo": -0.45391838200000034, "REF_con_todo_PB_sin_positivo": 0.46389406030000035, "REF_sin_negativo_PB_sin_positivo": 0.9178124423000007, "REF_0_2_PB_90": 3.008846180089793}, "Rot_Kalkandjiev_Fibo_Lanc_Interp_Exper_Sigm_k35_c0.5_iX": {"REF_sin_nada_PB_con_todo": -0.1089611180960004, "REF_sin_nada_PB_sin_negativo": -0.5627454482000003, "REF_sin_nada_PB_sin_positivo": 0.3551798006499993, "REF_con_todo_PB_sin_negativo": -0.4537843301039999, "REF_con_todo_PB_sin_positivo": 0.4641409187459997, "REF_sin_negativo_PB_sin_positivo": 0.9179252488499996, "REF_0_2_PB_90": 3.008682546257293}, "Rot_Kalkandjiev_Quad_Lanc_Interp_Exper_Sigm_k35_c0.5_iX": {"REF_sin_nada_PB_con_todo": -0.10894623200000009, "REF_sin_nada_PB_sin_negativo": -0.5625556428000005, "REF_sin_nada_PB_sin_positivo": 0.35534853349999995, "REF_con_todo_PB_sin_negativo": -0.4536094108000004, "REF_con_todo_PB_sin_positivo": 0.46429476550000004, "REF_sin_negativo_PB_sin_positivo": 0.9179041763000004, "REF_0_2_PB_90": 3.0091241888897935}, "Mir_Fibo_Cubic_Interp_Exper_Sigm_k35_c0.5_iX": {"REF_sin_nada_PB_con_todo": -0.10936887039999998, "REF_sin_nada_PB_sin_negativo": -0.5630536911449999, "REF_sin_nada_PB_sin_positivo": 0.35480726985999933, "REF_con_todo_PB_sin_negativo": -0.45368482074499994, "REF_con_todo_PB_sin_positivo": 0.4641761402599993, "REF_sin_negativo_PB_sin_positivo": 0.9178609610049993, "REF_0_2_PB_90": 3.0088806623997932}, "Mir_Quad_Cubic_Interp_Exper_Sigm_k35_c0.5_iX": {"REF_sin_nada_PB_con_todo": -0.10870802200000007, "REF_sin_nada_PB_sin_negativo": -0.5624395490000005, "REF_sin_nada_PB_sin_positivo": 0.3556887562999993, "REF_con_todo_PB_sin_negativo": -0.4537315270000004, "REF_con_todo_PB_sin_positivo": 0.46439677829999937, "REF_sin_negativo_PB_sin_positivo": 0.9181283052999998, "REF_0_2_PB_90": 3.009065216389793}, "Mir_Fibo_Lanc_Interp_Exper_Sigm_k35_c0.5_iX": {"REF_sin_nada_PB_con_todo": -0.10928326075000072, "REF_sin_nada_PB_sin_negativo": -0.5628688562510007, "REF_sin_nada_PB_sin_positivo": 0.35487331834999924, "REF_con_todo_PB_sin_negativo": -0.45358559550099997, "REF_con_todo_PB_sin_positivo": 0.46415657909999997, "REF_sin_negativo_PB_sin_positivo": 0.9177421746009999, "REF_0_2_PB_90": 3.0088806623997932}, "Mir_Quad_Lanc_Interp_Exper_Sigm_k35_c0.5_iX": {"REF_sin_nada_PB_con_todo": -0.10877292059999988, "REF_sin_nada_PB_sin_negativo": -0.5626575946999992, "REF_sin_nada_PB_sin_positivo": 0.35518353800000035, "REF_con_todo_PB_sin_negativo": -0.45388467409999933, "REF_con_todo_PB_sin_positivo": 0.46395645860000023, "REF_sin_negativo_PB_sin_positivo": 0.9178411326999996, "REF_0_2_PB_90": 3.0089902017897927}, "Rot_Naive_Fibo_Cubic_Interp_Exper_Sigm_k35_c0.5_iX": {"REF_sin_nada_PB_con_todo": -0.10921734730000043, "REF_sin_nada_PB_sin_negativo": -0.5681961484800002, "REF_sin_nada_PB_sin_positivo": 0.3560384344959999, "REF_con_todo_PB_sin_negativo": -0.46444285196800017, "REF_con_todo_PB_sin_positivo": 0.4645018905839997, "REF_sin_negativo_PB_sin_positivo": 0.8240483805550003, "REF_0_2_PB_90": 3.00969500716}, "Rot_Naive_Quad_Cubic_Interp_Exper_Sigm_k35_c0.5_iX": {"REF_sin_nada_PB_con_todo": -0.10830590800000017, "REF_sin_nada_PB_sin_negativo": -0.5674751970000003, "REF_sin_nada_PB_sin_positivo": 0.3544478670000002, "REF_con_todo_PB_sin_negativo": -0.46375711499999994, "REF_con_todo_PB_sin_positivo": 0.46481791260000005, "REF_sin_negativo_PB_sin_positivo": 0.756058651, "REF_0_2_PB_90": 3.0099062225}, "Rot_Naive_Fibo_Lanc_Interp_Exper_Sigm_k35_c0.5_iX": {"REF_sin_nada_PB_con_todo": -0.10921734730000043, "REF_sin_nada_PB_sin_negativo": -0.56819813109, "REF_sin_nada_PB_sin_positivo": 0.35656278692999965, "REF_con_todo_PB_sin_negativo": -0.46431834921699977, "REF_con_todo_PB_sin_positivo": 0.4645004384, "REF_sin_negativo_PB_sin_positivo": 0.8344910234, "REF_0_2_PB_90": 3.00969500716}, "Rot_Naive_Quad_Lanc_Interp_Exper_Sigm_k35_c0.5_iX": {"REF_sin_nada_PB_con_todo": -0.1085964800000001, "REF_sin_nada_PB_sin_negativo": -0.5675061259999996, "REF_sin_nada_PB_sin_positivo": 0.3556634609999998, "REF_con_todo_PB_sin_negativo": -0.4634909103, "REF_con_todo_PB_sin_positivo": 0.464906751, "REF_sin_negativo_PB_sin_positivo": 0.7432339740999998, "REF_0_2_PB_90": 3.00999076}, "Rel_Rot_Fourier_Phase_Correlat_Exper_Sigm_k35_c0.5_iX": {"REF_sin_nada_PB_con_todo": -0.10960667702524418, "REF_sin_nada_PB_sin_negativo": -0.14206980111233847, "REF_sin_nada_PB_sin_positivo": 0.3659955441432109, "REF_con_todo_PB_sin_negativo": -0.10227629416686757, "REF_con_todo_PB_sin_positivo": 0.4557054676957195, "REF_sin_negativo_PB_sin_positivo": 0.8339183166028906, "REF_0_2_PB_90": 3.023782929080176}, "Histo_Intra_Class_Var_Exper_Sigm_k35_c0.5_iX": {"REF_sin_nada_PB_con_todo": -0.1256637061435919, "REF_sin_nada_PB_sin_negativo": -0.5129833483669906, "REF_sin_nada_PB_sin_positivo": 0.3132985550429273, "REF_con_todo_PB_sin_negativo": -0.38731964222339954, "REF_con_todo_PB_sin_positivo": 0.43896226118651904, "REF_sin_negativo_PB_sin_positivo": 0.8262819034099181, "REF_0_2_PB_90": 2.9694505903793935}, "Grad_Regress_Exper_Sigm_k35_c0.5_iX": {"REF_sin_nada_PB_con_todo": -0.3316647325552857, "REF_sin_nada_PB_sin_negativo": -0.7829165768153628, "REF_sin_nada_PB_sin_positivo": 0.26118143487898715, "REF_con_todo_PB_sin_negativo": -0.4512518442600779, "REF_con_todo_PB_sin_positivo": 0.5928461674342724, "REF_sin_negativo_PB_sin_positivo": 1.0440980116943501, "REF_0_2_PB_90": 2.9934058085390696}}, "times": {"Rot_Kalkandjiev_Fibo_Cubic_Interp_Exper_Sigm_k35_c0.5_iX": {"REF_sin_nada_PB_con_todo": 0.22, "REF_sin_nada_PB_sin_negativo": 0.20600000000000002, "REF_sin_nada_PB_sin_positivo": 0.217, "REF_con_todo_PB_sin_negativo": 0.24, "REF_con_todo_PB_sin_positivo": 0.22999999999999998, "REF_sin_negativo_PB_sin_positivo": 0.26, "REF_0_2_PB_90": 0.22999999999999998}, "Rot_Kalkandjiev_Quad_Cubic_Interp_Exper_Sigm_k35_c0.5_iX": {"REF_sin_nada_PB_con_todo": 0.14700000000000002, "REF_sin_nada_PB_sin_negativo": 0.15000000000000002, "REF_sin_nada_PB_sin_positivo": 0.157, "REF_con_todo_PB_sin_negativo": 0.128, "REF_con_todo_PB_sin_positivo": 0.132, "REF_sin_negativo_PB_sin_positivo": 0.136, "REF_0_2_PB_90": 0.14}, "Rot_Kalkandjiev_Fibo_Lanc_Interp_Exper_Sigm_k35_c0.5_iX": {"REF_sin_nada_PB_con_todo": 0.39, "REF_sin_nada_PB_sin_negativo": 0.36, "REF_sin_nada_PB_sin_positivo": 0.37, "REF_con_todo_PB_sin_negativo": 0.4, "REF_con_todo_PB_sin_positivo": 0.41000000000000003, "REF_sin_negativo_PB_sin_positivo": 0.37, "REF_0_2_PB_90": 0.38}, "Rot_Kalkandjiev_Quad_Lanc_Interp_Exper_Sigm_k35_c0.5_iX": {"REF_sin_nada_PB_con_todo": 0.25, "REF_sin_nada_PB_sin_negativo": 0.25, "REF_sin_nada_PB_sin_positivo": 0.26, "REF_con_todo_PB_sin_negativo": 0.25, "REF_con_todo_PB_sin_positivo": 0.24, "REF_sin_negativo_PB_sin_positivo": 0.25, "REF_0_2_PB_90": 0.26}, "Mir_Fibo_Cubic_Interp_Exper_Sigm_k35_c0.5_iX": {"REF_sin_nada_PB_con_todo": 0.24, "REF_sin_nada_PB_sin_negativo": 0.22, "REF_sin_nada_PB_sin_positivo": 0.22, "REF_con_todo_PB_sin_negativo": 0.21000000000000002, "REF_con_todo_PB_sin_positivo": 0.24000000000000002, "REF_sin_negativo_PB_sin_positivo": 0.22,