{"image_pair_names": ["REF_sin_nada_PB_con_todo", "REF_sin_nada_PB_sin_negativo", "REF_sin_nada_PB_sin_positivo", "REF_con_todo_PB_sin_negativo", "REF_con_todo_PB_sin_positivo", "REF_sin_negativo_PB_sin_positivo", "REF_0_2_PB_90"], "predicted_delta_phiCRs": {"Rot_Kalkandjiev_Fibo_Cubic_Interp_Exper_Open_s9_toMean_iX": {"REF_sin_nada_PB_con_todo": -0.22665585685600043, "REF_sin_nada_PB_sin_negativo": -0.569757541685, "REF_sin_nada_PB_sin_positivo": 0.29037300143500033, "REF_con_todo_PB_sin_negativo": -0.3431016848289996, "REF_con_todo_PB_sin_positivo": 0.5170288582910008, "REF_sin_negativo_PB_sin_positivo": 0.8601305431200004, "REF_0_2_PB_90": 3.3550439448212934}, "Rot_Kalkandjiev_Quad_Cubic_Interp_Exper_Open_s9_toMean_iX": {"REF_sin_nada_PB_con_todo": -0.22704060209999977, "REF_sin_nada_PB_sin_negativo": -0.5701951326000003, "REF_sin_nada_PB_sin_positivo": 0.28984159305000023, "REF_con_todo_PB_sin_negativo": -0.34315453050000055, "REF_con_todo_PB_sin_positivo": 0.51688219515, "REF_sin_negativo_PB_sin_positivo": 0.8600367256500006, "REF_0_2_PB_90": 3.354640786489793}, "Rot_Kalkandjiev_Fibo_Lanc_Interp_Exper_Open_s9_toMean_iX": {"REF_sin_nada_PB_con_todo": -0.22665585685600043, "REF_sin_nada_PB_sin_negativo": -0.5697575257049996, "REF_sin_nada_PB_sin_positivo": 0.28934792961300015, "REF_con_todo_PB_sin_negativo": -0.3431016688489992, "REF_con_todo_PB_sin_positivo": 0.5160037864690006, "REF_sin_negativo_PB_sin_positivo": 0.8591054553179998, "REF_0_2_PB_90": 3.3542015997372934}, "Rot_Kalkandjiev_Quad_Lanc_Interp_Exper_Open_s9_toMean_iX": {"REF_sin_nada_PB_con_todo": -0.22713488350000066, "REF_sin_nada_PB_sin_negativo": -0.5699911646000002, "REF_sin_nada_PB_sin_positivo": 0.28919025559999945, "REF_con_todo_PB_sin_negativo": -0.34285628109999955, "REF_con_todo_PB_sin_positivo": 0.5163251391000001, "REF_sin_negativo_PB_sin_positivo": 0.8591814201999997, "REF_0_2_PB_90": 3.354297310239793}, "Mir_Fibo_Cubic_Interp_Exper_Open_s9_toMean_iX": {"REF_sin_nada_PB_con_todo": -0.22542949290400038, "REF_sin_nada_PB_sin_negativo": -0.5699210131810002, "REF_sin_nada_PB_sin_positivo": 0.289864683427, "REF_con_todo_PB_sin_negativo": -0.3444915202769998, "REF_con_todo_PB_sin_positivo": 0.5152941763310004, "REF_sin_negativo_PB_sin_positivo": 0.8597856966080002, "REF_0_2_PB_90": 3.3543022438617935}, "Mir_Quad_Cubic_Interp_Exper_Open_s9_toMean_iX": {"REF_sin_nada_PB_con_todo": -0.22661900449999983, "REF_sin_nada_PB_sin_negativo": -0.5692533342999999, "REF_sin_nada_PB_sin_positivo": 0.2904463697999997, "REF_con_todo_PB_sin_negativo": -0.3426343298000001, "REF_con_todo_PB_sin_positivo": 0.5170653742999995, "REF_sin_negativo_PB_sin_positivo": 0.8596997040999996, "REF_0_2_PB_90": 3.3543206423897933}, "Mir_Fibo_Lanc_Interp_Exper_Open_s9_toMean_iX": {"REF_sin_nada_PB_con_todo": -0.22724176696900056, "REF_sin_nada_PB_sin_negativo": -0.5697581628500004, "REF_sin_nada_PB_sin_positivo": 0.2898647558459997, "REF_con_todo_PB_sin_negativo": -0.3425163958809998, "REF_con_todo_PB_sin_positivo": 0.5171065228150002, "REF_sin_negativo_PB_sin_positivo": 0.859622918696, "REF_0_2_PB_90": 3.3543143293137936}, "Mir_Quad_Lanc_Interp_Exper_Open_s9_toMean_iX": {"REF_sin_nada_PB_con_todo": -0.2263231536000001, "REF_sin_nada_PB_sin_negativo": -0.5692112659999999, "REF_sin_nada_PB_sin_positivo": 0.2907117350999995, "REF_con_todo_PB_sin_negativo": -0.34288811239999983, "REF_con_todo_PB_sin_positivo": 0.5170348886999996, "REF_sin_negativo_PB_sin_positivo": 0.8599230010999994, "REF_0_2_PB_90": 3.3543592098897927}, "Rot_Naive_Fibo_Cubic_Interp_Exper_Open_s9_toMean_iX": {"REF_sin_nada_PB_con_todo": -0.21687782889399987, "REF_sin_nada_PB_sin_negativo": -0.5600831302999998, "REF_sin_nada_PB_sin_positivo": 0.28816149118000034, "REF_con_todo_PB_sin_negativo": -0.3403023399830003, "REF_con_todo_PB_sin_positivo": 0.5054071002400002, "REF_sin_negativo_PB_sin_positivo": 0.8483508595289999, "REF_0_2_PB_90": -2.936438055079586}, "Rot_Naive_Quad_Cubic_Interp_Exper_Open_s9_toMean_iX": {"REF_sin_nada_PB_con_todo": -0.2175895920000004, "REF_sin_nada_PB_sin_negativo": -0.5595227410000003, "REF_sin_nada_PB_sin_positivo": 0.2879034815999999, "REF_con_todo_PB_sin_negativo": -0.3402241064, "REF_con_todo_PB_sin_positivo": 0.5056853524000005, "REF_sin_negativo_PB_sin_positivo": 0.8459413888, "REF_0_2_PB_90": -2.938267787179586}, "Rot_Naive_Fibo_Lanc_Interp_Exper_Open_s9_toMean_iX": {"REF_sin_nada_PB_con_todo": -0.21679952459600038, "REF_sin_nada_PB_sin_negativo": -0.5596533341100001, "REF_sin_nada_PB_sin_positivo": 0.28816342802999984, "REF_con_todo_PB_sin_negativo": -0.3403023399830003, "REF_con_todo_PB_sin_positivo": 0.5054071002400002, "REF_sin_negativo_PB_sin_positivo": 0.8483211542909999, "REF_0_2_PB_90": -2.9373662679895864}, "Rot_Naive_Quad_Lanc_Interp_Exper_Open_s9_toMean_iX": {"REF_sin_nada_PB_con_todo": -0.21731187600000013, "REF_sin_nada_PB_sin_negativo": -0.5610885799999998, "REF_sin_nada_PB_sin_positivo": 0.2879803489999997, "REF_con_todo_PB_sin_negativo": -0.3405702589999997, "REF_con_todo_PB_sin_positivo": 0.5054954230000002, "REF_sin_negativo_PB_sin_positivo": 0.8469191535, "REF_0_2_PB_90": -2.9382645034795862}, "Rel_Rot_Fourier_Phase_Correlat_Exper_Open_s9_toMean_iX": {"REF_sin_nada_PB_con_todo": -0.1891936909161851, "REF_sin_nada_PB_sin_negativo": -0.5356415474370593, "REF_sin_nada_PB_sin_positivo": 0.2960078411382383, "REF_con_todo_PB_sin_negativo": -0.33492868345771143, "REF_con_todo_PB_sin_positivo": 0.5330235535590682, "REF_sin_negativo_PB_sin_positivo": 0.8410741665360673, "REF_0_2_PB_90": -2.883807523070231}, "Histo_Intra_Class_Var_Exper_Open_s9_toMean_iX": {"REF_sin_nada_PB_con_todo": -0.36321975337394363, "REF_sin_nada_PB_sin_negativo": -0.9037458318545983, "REF_sin_nada_PB_sin_positivo": 0.06197114275574386, "REF_con_todo_PB_sin_negativo": -0.5405260784806547, "REF_con_todo_PB_sin_positivo": 0.425190896129687, "REF_sin_negativo_PB_sin_positivo": 0.965716974610342, "REF_0_2_PB_90": 2.9608434872188734}, "Grad_Regress_Exper_Open_s9_toMean_iX": {"REF_sin_nada_PB_con_todo": -0.3405090539780993, "REF_sin_nada_PB_sin_negativo": -0.9713848494653821, "REF_sin_nada_PB_sin_positivo": 0.20402533392115507, "REF_con_todo_PB_sin_negativo": -0.6308757954872819, "REF_con_todo_PB_sin_positivo": 0.5445343878992559, "REF_sin_negativo_PB_sin_positivo": 1.1754101833865376, "REF_0_2_PB_90": 3.0511081482053184}}, "times": {"Rot_Kalkandjiev_Fibo_Cubic_Interp_Exper_Open_s9_toMean_iX": {"REF_sin_nada_PB_con_todo": 0.26, "REF_sin_nada_PB_sin_negativo": 0.25, "REF_sin_nada_PB_sin_positivo": 0.26, "REF_con_todo_PB_sin_negativo": 0.26, "REF_con_todo_PB_sin_positivo": 0.25, "REF_sin_negativo_PB_sin_positivo": 0.25, "REF_0_2_PB_90": 0.22999999999999998}, "Rot_Kalkandjiev_Quad_Cubic_Interp_Exper_Open_s9_toMean_iX": {"REF_sin_nada_PB_con_todo": 0.126, "REF_sin_nada_PB_sin_negativo": 0.124, "REF_sin_nada_PB_sin_positivo": 0.138, "REF_con_todo_PB_sin_negativo": 0.118, "REF_con_todo_PB_sin_positivo": 0.132, "REF_sin_negativo_PB_sin_positivo": 0.138, "REF_0_2_PB_90": 0.13}, "Rot_Kalkandjiev_Fibo_Lanc_Interp_Exper_Open_s9_toMean_iX": {"REF_sin_nada_PB_con_todo": 0.39, "REF_sin_nada_PB_sin_negativo": 0.38, "REF_sin_nada_PB_sin_positivo": 0.38, "REF_con_todo_PB_sin_negativo": 0.39, "REF_con_todo_PB_sin_positivo": 0.39, "REF_sin_negativo_PB_sin_positivo": 0.42000000000000004, "REF_0_2_PB_90": 0.36}, "Rot_Kalkandjiev_Quad_Lanc_Interp_Exper_Open_s9_toMean_iX": {"REF_sin_nada_PB_con_todo": 0.23800000000000002, "REF_sin_nada_PB_sin_negativo": 0.25, "REF_sin_nada_PB_sin_positivo": 0.24, "REF_con_todo_PB_sin_negativo": 0.22, "REF_con_todo_PB_sin_positivo": 0.22, "REF_sin_negativo_PB_sin_positivo": 0.29000000000000004, "REF_0_2_PB_90": 0.22999999999999998}, "Mir_Fibo_Cubic_Interp_Exper_Open_s9_toMean_iX": {"REF_sin_nada_PB_con_todo": 0.24, "REF_sin_nada_PB_sin_negativo": 0.24, "REF_sin_nada_PB_sin_positivo": 0.25, "REF_con_todo_PB_sin_negativo": 0.24, "REF_con_todo_PB_sin_positivo": 0.24, "REF_sin_negativo_PB_sin_positivo": 0.24,