{"image_pair_names": ["REF_sin_nada_PB_con_todo", "REF_sin_nada_PB_sin_negativo", "REF_sin_nada_PB_sin_positivo", "REF_con_todo_PB_sin_negativo", "REF_con_todo_PB_sin_positivo", "REF_sin_negativo_PB_sin_positivo", "REF_0_2_PB_90"], "predicted_delta_phiCRs": {"Embedder_KNN_PCA_Trained_wnoisy_DS_Exper": {"REF_sin_nada_PB_con_todo": -0.07655049371462663, "REF_sin_nada_PB_sin_negativo": 0.00670794792970697, "REF_sin_nada_PB_sin_positivo": 0.9598557965211066, "REF_con_todo_PB_sin_negativo": 0.08325844164433338, "REF_con_todo_PB_sin_positivo": 1.0364062902357332, "REF_sin_negativo_PB_sin_positivo": 0.9531478485913997, "REF_0_2_PB_90": -2.103853401669811}}, "times": {"Embedder_KNN_PCA_Trained_wnoisy_DS_Exper": {"REF_sin_nada_PB_con_todo": 0.32391401699611116, "REF_sin_nada_PB_sin_negativo": 0.32391401699611116, "REF_sin_nada_PB_sin_positivo": 0.32391401699611116, "REF_con_todo_PB_sin_negativo": 0.32391401699611116, "REF_con_todo_PB_sin_positivo": 0.32391401699611116, "REF_sin_negativo_PB_sin_positivo": 0.32391401699611116, "REF_0_2_PB_90": 0.32391401699611116}}}