{"image_pair_names": ["REF_sin_nada_PB_con_todo", "REF_sin_nada_PB_sin_negativo", "REF_sin_nada_PB_sin_positivo", "REF_con_todo_PB_sin_negativo", "REF_con_todo_PB_sin_positivo", "REF_sin_negativo_PB_sin_positivo", "REF_0_2_PB_90"], "predicted_delta_phiCRs": {"Rot_Kalkandjiev_Fibo_Cubic_Interp_Exper_Sigm_k35_c0.3_iX": {"REF_sin_nada_PB_con_todo": -0.1598979819434998, "REF_sin_nada_PB_sin_negativo": -0.5157363874624998, "REF_sin_nada_PB_sin_positivo": 0.33079369975420736, "REF_con_todo_PB_sin_negativo": -0.35583840551900003, "REF_con_todo_PB_sin_positivo": 0.49069168169770716, "REF_sin_negativo_PB_sin_positivo": 0.8465300872167072, "REF_0_2_PB_90": 3.1758726063932925}, "Rot_Kalkandjiev_Quad_Cubic_Interp_Exper_Sigm_k35_c0.3_iX": {"REF_sin_nada_PB_con_todo": -0.16052609675000085, "REF_sin_nada_PB_sin_negativo": -0.5147957117500006, "REF_sin_nada_PB_sin_positivo": 1.4637983414999995, "REF_con_todo_PB_sin_negativo": -0.35426961499999976, "REF_con_todo_PB_sin_positivo": 1.6243244382500004, "REF_sin_negativo_PB_sin_positivo": 1.9785940532500002, "REF_0_2_PB_90": 3.1760334410997926}, "Rot_Kalkandjiev_Fibo_Lanc_Interp_Exper_Sigm_k35_c0.3_iX": {"REF_sin_nada_PB_con_todo": -0.16049820704950069, "REF_sin_nada_PB_sin_negativo": -0.5157107978725008, "REF_sin_nada_PB_sin_positivo": 1.4471853468954994, "REF_con_todo_PB_sin_negativo": -0.35521259082300016, "REF_con_todo_PB_sin_positivo": 1.607683553945, "REF_sin_negativo_PB_sin_positivo": 1.9628961447680002, "REF_0_2_PB_90": 3.175769993622293}, "Rot_Kalkandjiev_Quad_Lanc_Interp_Exper_Sigm_k35_c0.3_iX": {"REF_sin_nada_PB_con_todo": -0.16016643905000016, "REF_sin_nada_PB_sin_negativo": -0.5150009681499998, "REF_sin_nada_PB_sin_positivo": 1.447593837, "REF_con_todo_PB_sin_negativo": -0.3548345290999997, "REF_con_todo_PB_sin_positivo": 1.6077602760500003, "REF_sin_negativo_PB_sin_positivo": 1.96259480515, "REF_0_2_PB_90": 3.1758415361547927}, "Mir_Fibo_Cubic_Interp_Exper_Sigm_k35_c0.3_iX": {"REF_sin_nada_PB_con_todo": -0.16018687383300012, "REF_sin_nada_PB_sin_negativo": -0.5153065612500001, "REF_sin_nada_PB_sin_positivo": 0.3308973239200004, "REF_con_todo_PB_sin_negativo": -0.35511968741699995, "REF_con_todo_PB_sin_positivo": 0.4910841977530005, "REF_sin_negativo_PB_sin_positivo": 0.8462038851700004, "REF_0_2_PB_90": 3.1759930402077927}, "Mir_Quad_Cubic_Interp_Exper_Sigm_k35_c0.3_iX": {"REF_sin_nada_PB_con_todo": -0.15997321509999995, "REF_sin_nada_PB_sin_negativo": -0.5148390670999996, "REF_sin_nada_PB_sin_positivo": 0.33086608230000003, "REF_con_todo_PB_sin_negativo": -0.35486585199999965, "REF_con_todo_PB_sin_positivo": 0.4908392974, "REF_sin_negativo_PB_sin_positivo": 0.8457051493999996, "REF_0_2_PB_90": 3.1757436860897936}, "Mir_Fibo_Lanc_Interp_Exper_Sigm_k35_c0.3_iX": {"REF_sin_nada_PB_con_todo": -0.1606125131450007, "REF_sin_nada_PB_sin_negativo": -0.5153070586090003, "REF_sin_nada_PB_sin_positivo": 0.3306463844079994, "REF_con_todo_PB_sin_negativo": -0.3546945454639996, "REF_con_todo_PB_sin_positivo": 0.4912588975530001, "REF_sin_negativo_PB_sin_positivo": 0.8459534430169997, "REF_0_2_PB_90": 3.176002645038793}, "Mir_Quad_Lanc_Interp_Exper_Sigm_k35_c0.3_iX": {"REF_sin_nada_PB_con_todo": -0.1603681840000002, "REF_sin_nada_PB_sin_negativo": -0.5148487817000005, "REF_sin_nada_PB_sin_positivo": 0.3308176491000001, "REF_con_todo_PB_sin_negativo": -0.3544805977000003, "REF_con_todo_PB_sin_positivo": 0.4911858331000003, "REF_sin_negativo_PB_sin_positivo": 0.8456664308000006, "REF_0_2_PB_90": 3.175669821409793}, "Rot_Naive_Fibo_Cubic_Interp_Exper_Sigm_k35_c0.3_iX": {"REF_sin_nada_PB_con_todo": -0.15830414897499967, "REF_sin_nada_PB_sin_negativo": -0.5182016165230001, "REF_sin_nada_PB_sin_positivo": 0.3303544127600002, "REF_con_todo_PB_sin_negativo": -0.35991808615800025, "REF_con_todo_PB_sin_positivo": 0.49318723921100016, "REF_sin_negativo_PB_sin_positivo": 0.8527230450639998, "REF_0_2_PB_90": -3.1105603000535864}, "Rot_Naive_Quad_Cubic_Interp_Exper_Sigm_k35_c0.3_iX": {"REF_sin_nada_PB_con_todo": -0.1583045280000004, "REF_sin_nada_PB_sin_negativo": -0.5179347009999997, "REF_sin_nada_PB_sin_positivo": 0.33092628200000007, "REF_con_todo_PB_sin_negativo": -0.3603821224999999, "REF_con_todo_PB_sin_positivo": 0.49263935000000014, "REF_sin_negativo_PB_sin_positivo": 0.8510595150000002, "REF_0_2_PB_90": -3.1100685822795864}, "Rot_Naive_Fibo_Lanc_Interp_Exper_Sigm_k35_c0.3_iX": {"REF_sin_nada_PB_con_todo": -0.1583049680180002, "REF_sin_nada_PB_sin_negativo": -0.517491596248, "REF_sin_nada_PB_sin_positivo": 0.331079150471, "REF_con_todo_PB_sin_negativo": -0.36057295974400017, "REF_con_todo_PB_sin_positivo": 0.49309436119999983, "REF_sin_negativo_PB_sin_positivo": 0.8527160048619997, "REF_0_2_PB_90": -3.1104871853845864}, "Rot_Naive_Quad_Lanc_Interp_Exper_Sigm_k35_c0.3_iX": {"REF_sin_nada_PB_con_todo": -0.15815066600000005, "REF_sin_nada_PB_sin_negativo": -0.5174915279999999, "REF_sin_nada_PB_sin_positivo": 0.33127735450000007, "REF_con_todo_PB_sin_negativo": -0.36056051410000034, "REF_con_todo_PB_sin_positivo": 0.49300985200000014, "REF_sin_negativo_PB_sin_positivo": 0.8514700389999996, "REF_0_2_PB_90": -3.1094649264795864}, "Rel_Rot_Fourier_Phase_Correlat_Exper_Sigm_k35_c0.3_iX": {"REF_sin_nada_PB_con_todo": -0.16179202165987405, "REF_sin_nada_PB_sin_negativo": -0.4913101844364034, "REF_sin_nada_PB_sin_positivo": 0.33562681515850956, "REF_con_todo_PB_sin_negativo": -0.3324852225049195, "REF_con_todo_PB_sin_positivo": 0.44139376782936596, "REF_sin_negativo_PB_sin_positivo": 0.830078592248503, "REF_0_2_PB_90": -3.0925489016087524}, "Histo_Intra_Class_Var_Exper_Sigm_k35_c0.3_iX": {"REF_sin_nada_PB_con_todo": -0.3115771344108236, "REF_sin_nada_PB_sin_negativo": -0.6489755783032063, "REF_sin_nada_PB_sin_positivo": 0.2530488329192874, "REF_con_todo_PB_sin_negativo": -0.3373984438923836, "REF_con_todo_PB_sin_positivo": 0.5646259673301107, "REF_sin_negativo_PB_sin_positivo": 0.902024411222494, "REF_0_2_PB_90": 3.0383074156635534}, "Grad_Regress_Exper_Sigm_k35_c0.3_iX": {"REF_sin_nada_PB_con_todo": -0.20218756188489273, "REF_sin_nada_PB_sin_negativo": -0.6498502450824324, "REF_sin_nada_PB_sin_positivo": 0.3177287784008985, "REF_con_todo_PB_sin_negativo": -0.44766268319753966, "REF_con_todo_PB_sin_positivo": 0.5199163402857913, "REF_sin_negativo_PB_sin_positivo": 0.9675790234833309, "REF_0_2_PB_90": 3.140384485154449}}, "times": {"Rot_Kalkandjiev_Fibo_Cubic_Interp_Exper_Sigm_k35_c0.3_iX": {"REF_sin_nada_PB_con_todo": 0.22, "REF_sin_nada_PB_sin_negativo": 0.20600000000000002, "REF_sin_nada_PB_sin_positivo": 0.256, "REF_con_todo_PB_sin_negativo": 0.23, "REF_con_todo_PB_sin_positivo": 0.22, "REF_sin_negativo_PB_sin_positivo": 0.24, "REF_0_2_PB_90": 0.197}, "Rot_Kalkandjiev_Quad_Cubic_Interp_Exper_Sigm_k35_c0.3_iX": {"REF_sin_nada_PB_con_todo": 0.132, "REF_sin_nada_PB_sin_negativo": 0.14400000000000002, "REF_sin_nada_PB_sin_positivo": 0.131, "REF_con_todo_PB_sin_negativo": 0.14800000000000002, "REF_con_todo_PB_sin_positivo": 0.139, "REF_sin_negativo_PB_sin_positivo": 0.152, "REF_0_2_PB_90": 0.202}, "Rot_Kalkandjiev_Fibo_Lanc_Interp_Exper_Sigm_k35_c0.3_iX": {"REF_sin_nada_PB_con_todo": 0.37, "REF_sin_nada_PB_sin_negativo": 0.36, "REF_sin_nada_PB_sin_positivo": 0.39, "REF_con_todo_PB_sin_negativo": 0.37, "REF_con_todo_PB_sin_positivo": 0.39, "REF_sin_negativo_PB_sin_positivo": 0.43, "REF_0_2_PB_90": 0.35}, "Rot_Kalkandjiev_Quad_Lanc_Interp_Exper_Sigm_k35_c0.3_iX": {"REF_sin_nada_PB_con_todo": 0.24, "REF_sin_nada_PB_sin_negativo": 0.26, "REF_sin_nada_PB_sin_positivo": 0.24, "REF_con_todo_PB_sin_negativo": 0.26, "REF_con_todo_PB_sin_positivo": 0.21000000000000002, "REF_sin_negativo_PB_sin_positivo": 0.23, "REF_0_2_PB_90": 0.21}, "Mir_Fibo_Cubic_Interp_Exper_Sigm_k35_c0.3_iX": {"REF_sin_nada_PB_con_todo": 0.22, "REF_sin_nada_PB_sin_negativo": 0.2, "REF_sin_nada_PB_sin_positivo": 0.21000000000000002, "REF_con_todo_PB_sin_negativo": 0.186, "REF_con_todo_PB_sin_positivo": 0.22, "REF_sin_negativo_PB_sin_positivo": 0.20400000000000001,