{"image_pair_names": ["REF_sin_nada_PB_con_todo", "REF_sin_nada_PB_sin_negativo", "REF_sin_nada_PB_sin_positivo", "REF_con_todo_PB_sin_negativo", "REF_con_todo_PB_sin_positivo", "REF_sin_negativo_PB_sin_positivo", "REF_0_2_PB_90"], "predicted_delta_phiCRs": {"Simulation_Geom_Prepr_Sigm_cent_0.1_slp_35_DS_Exper_Searc_NM": {"REF_sin_nada_PB_con_todo": -0.1395319040053291, "REF_sin_nada_PB_sin_negativo": -0.49223869166288114, "REF_sin_nada_PB_sin_positivo": 0.34388988380160956, "REF_con_todo_PB_sin_negativo": -0.35270678765755203, "REF_con_todo_PB_sin_positivo": 0.483421787806928, "REF_sin_negativo_PB_sin_positivo": 0.836128575464488, "REF_0_2_PB_90": -3.0706344184017387}, "Simulation_Geom_Prepr_Sigm_cent_0.1_slp_35_DS_Exper_Searc_P": {"REF_sin_nada_PB_con_todo": -0.1613122018031099, "REF_sin_nada_PB_sin_negativo": -0.5028356494193309, "REF_sin_nada_PB_sin_positivo": 0.36241943993395154, "REF_con_todo_PB_sin_negativo": -0.341523447616221, "REF_con_todo_PB_sin_positivo": 0.5237316417370561, "REF_sin_negativo_PB_sin_positivo": 0.8652550893532798, "REF_0_2_PB_90": -3.089803731695752}}, "times": {"Simulation_Geom_Prepr_Sigm_cent_0.1_slp_35_DS_Exper_Searc_NM": {"REF_sin_nada_PB_con_todo": 1.7613325119018555, "REF_sin_nada_PB_sin_negativo": 1.6334261894226074, "REF_sin_nada_PB_sin_positivo": 1.579085350036621, "REF_con_todo_PB_sin_negativo": 1.6080255508422852, "REF_con_todo_PB_sin_positivo": 1.6138734817504883, "REF_sin_negativo_PB_sin_positivo": 1.631788969039917, "REF_0_2_PB_90": 1.563161849975586}, "Simulation_Geom_Prepr_Sigm_cent_0.1_slp_35_DS_Exper_Searc_P": {"REF_sin_nada_PB_con_todo": 1.5776832103729248, "REF_sin_nada_PB_sin_negativo": 1.5900561809539795, "REF_sin_nada_PB_sin_positivo": 1.6815898418426514, "REF_con_todo_PB_sin_negativo": 1.5759365558624268, "REF_con_todo_PB_sin_positivo": 1.6018528938293457, "REF_sin_negativo_PB_sin_positivo": 1.6168596744537354, "REF_0_2_PB_90": 1.6822681427001953}}}