{"image_pair_names": ["REF_sin_ninguno_PB_Con_los_dos", "REF_sin_ninguno_PB_sin_negativo", "REF_sin_ninguno_PB_Sin_positivo", "REF_Con_los_dos_PB_sin_negativo", "REF_Con_los_dos_PB_Sin_positivo", "REF_sin_negativo_PB_Sin_positivo"], "predicted_delta_phiCRs": {"Rot_Kalkandjiev_Fibo_Cubic_Interp_Exper_Sigm_k55.37334267018538_c0.9_iX": {"REF_sin_ninguno_PB_Con_los_dos": 1.417606514459, "REF_sin_ninguno_PB_sin_negativo": -1.7744720477757934, "REF_sin_ninguno_PB_Sin_positivo": 0.6288816635314998, "REF_Con_los_dos_PB_sin_negativo": -3.1920785622347934, "REF_Con_los_dos_PB_Sin_positivo": -0.7887248509275002, "REF_sin_negativo_PB_Sin_positivo": 2.403353711307293}, "Rot_Kalkandjiev_Quad_Cubic_Interp_Exper_Sigm_k55.37334267018538_c0.9_iX": {"REF_sin_ninguno_PB_Con_los_dos": 1.4215355105, "REF_sin_ninguno_PB_sin_negativo": -1.800112838089793, "REF_sin_ninguno_PB_Sin_positivo": -0.6098531595000001, "REF_Con_los_dos_PB_sin_negativo": -3.221648348589793, "REF_Con_los_dos_PB_Sin_positivo": -2.03138867, "REF_sin_negativo_PB_Sin_positivo": 1.190259678589793}, "Rot_Kalkandjiev_Fibo_Lanc_Interp_Exper_Sigm_k55.37334267018538_c0.9_iX": {"REF_sin_ninguno_PB_Con_los_dos": 1.4215486433589999, "REF_sin_ninguno_PB_sin_negativo": -1.7917454043157925, "REF_sin_ninguno_PB_Sin_positivo": 0.62889041681, "REF_Con_los_dos_PB_sin_negativo": -3.2132940476747924, "REF_Con_los_dos_PB_Sin_positivo": -0.7926582265489999, "REF_sin_negativo_PB_Sin_positivo": 2.4206358211257926}, "Rot_Kalkandjiev_Quad_Lanc_Interp_Exper_Sigm_k55.37334267018538_c0.9_iX": {"REF_sin_ninguno_PB_Con_los_dos": 1.3934074415, "REF_sin_ninguno_PB_sin_negativo": -1.791021505589793, "REF_sin_ninguno_PB_Sin_positivo": -0.5485152069999999, "REF_Con_los_dos_PB_sin_negativo": -3.184428947089793, "REF_Con_los_dos_PB_Sin_positivo": -1.9419226484999998, "REF_sin_negativo_PB_Sin_positivo": 1.242506298589793}, "Mir_Fibo_Cubic_Interp_Exper_Sigm_k55.37334267018538_c0.9_iX": {"REF_sin_ninguno_PB_Con_los_dos": -0.05809774200499995, "REF_sin_ninguno_PB_sin_negativo": -0.24135599449599998, "REF_sin_ninguno_PB_Sin_positivo": -0.48572535790000004, "REF_Con_los_dos_PB_sin_negativo": -0.18325825249100003, "REF_Con_los_dos_PB_Sin_positivo": -0.4276276158950001, "REF_sin_negativo_PB_Sin_positivo": -0.24436936340400006}, "Mir_Quad_Cubic_Interp_Exper_Sigm_k55.37334267018538_c0.9_iX": {"REF_sin_ninguno_PB_Con_los_dos": -0.05792367500000006, "REF_sin_ninguno_PB_sin_negativo": -0.24171313500000013, "REF_sin_ninguno_PB_Sin_positivo": -0.5493034184000001, "REF_Con_los_dos_PB_sin_negativo": -0.18378946000000007, "REF_Con_los_dos_PB_Sin_positivo": -0.4913797434, "REF_sin_negativo_PB_Sin_positivo": -0.30759028339999994}, "Mir_Fibo_Lanc_Interp_Exper_Sigm_k55.37334267018538_c0.9_iX": {"REF_sin_ninguno_PB_Con_los_dos": -0.05687775501999992, "REF_sin_ninguno_PB_sin_negativo": -0.24051159856799997, "REF_sin_ninguno_PB_Sin_positivo": -0.48463214863799986, "REF_Con_los_dos_PB_sin_negativo": -0.18363384354800005, "REF_Con_los_dos_PB_Sin_positivo": -0.42775439361799994, "REF_sin_negativo_PB_Sin_positivo": -0.2441205500699999}, "Mir_Quad_Lanc_Interp_Exper_Sigm_k55.37334267018538_c0.9_iX": {"REF_sin_ninguno_PB_Con_los_dos": -0.0579241248000002, "REF_sin_ninguno_PB_sin_negativo": -0.2417119188000001, "REF_sin_ninguno_PB_Sin_positivo": -0.6095602488000001, "REF_Con_los_dos_PB_sin_negativo": -0.1837877939999999, "REF_Con_los_dos_PB_Sin_positivo": -0.551636124, "REF_sin_negativo_PB_Sin_positivo": -0.36784833000000006}, "Rot_Naive_Fibo_Cubic_Interp_Exper_Sigm_k55.37334267018538_c0.9_iX": {"REF_sin_ninguno_PB_Con_los_dos": -0.05494055890000027, "REF_sin_ninguno_PB_sin_negativo": -0.2530055744600004, "REF_sin_ninguno_PB_Sin_positivo": 0.9072719443999997, "REF_Con_los_dos_PB_sin_negativo": -0.22876659477999972, "REF_Con_los_dos_PB_Sin_positivo": 1.0188937348999998, "REF_sin_negativo_PB_Sin_positivo": 1.113925890709}, "Rot_Naive_Quad_Cubic_Interp_Exper_Sigm_k55.37334267018538_c0.9_iX": {"REF_sin_ninguno_PB_Con_los_dos": -0.0539230599999998, "REF_sin_ninguno_PB_sin_negativo": -0.25065026000000046, "REF_sin_ninguno_PB_Sin_positivo": -2.144395235, "REF_Con_los_dos_PB_sin_negativo": -0.25888719000000027, "REF_Con_los_dos_PB_Sin_positivo": -2.1110073116, "REF_sin_negativo_PB_Sin_positivo": -0.8092658500000001}, "Rot_Naive_Fibo_Lanc_Interp_Exper_Sigm_k55.37334267018538_c0.9_iX": {"REF_sin_ninguno_PB_Con_los_dos": -0.05399962303900008, "REF_sin_ninguno_PB_sin_negativo": -0.2530058689089998, "REF_sin_ninguno_PB_Sin_positivo": 0.9084343638299996, "REF_Con_los_dos_PB_sin_negativo": -0.2252832333599999, "REF_Con_los_dos_PB_Sin_positivo": 1.0150203771640003, "REF_sin_negativo_PB_Sin_positivo": 1.1212442030899998}, "Rot_Naive_Quad_Lanc_Interp_Exper_Sigm_k55.37334267018538_c0.9_iX": {"REF_sin_ninguno_PB_Con_los_dos": -0.05387411999999969, "REF_sin_ninguno_PB_sin_negativo": -0.24990950599999984, "REF_sin_ninguno_PB_Sin_positivo": -0.9649257426000002, "REF_Con_los_dos_PB_sin_negativo": -0.17084519850000035, "REF_Con_los_dos_PB_Sin_positivo": -2.1085714850000006, "REF_sin_negativo_PB_Sin_positivo": -0.007003985999999962}, "Rel_Rot_Fourier_Phase_Correlat_Exper_Sigm_k55.37334267018538_c0.9_iX": {"REF_sin_ninguno_PB_Con_los_dos": -0.07068583470577039, "REF_sin_ninguno_PB_sin_negativo": -0.2441715623540066, "REF_sin_ninguno_PB_Sin_positivo": 1.0213666782670816, "REF_Con_los_dos_PB_sin_negativo": -0.18343410438460417, "REF_Con_los_dos_PB_Sin_positivo": 1.1705923293125968, "REF_sin_negativo_PB_Sin_positivo": 1.1232939065835503}, "Histo_Intra_Class_Var_Exper_Sigm_k55.37334267018538_c0.9_iX": {"REF_sin_ninguno_PB_Con_los_dos": 0.6265971100858546, "REF_sin_ninguno_PB_sin_negativo": -0.43551941992231136, "REF_sin_ninguno_PB_Sin_positivo": -0.9777669190350702, "REF_Con_los_dos_PB_sin_negativo": -0.8762031017409342, "REF_Con_los_dos_PB_Sin_positivo": -1.6043640291209247, "REF_sin_negativo_PB_Sin_positivo": -0.5422474991127588}, "Grad_Regress_Exper_Sigm_k55.37334267018538_c0.9_iX": {"REF_sin_ninguno_PB_Con_los_dos": 3.0087913794594723, "REF_sin_ninguno_PB_sin_negativo": -0.41225249548881315, "REF_sin_ninguno_PB_Sin_positivo": 0.5569704498739689, "REF_Con_los_dos_PB_sin_negativo": 2.8621414322313004, "REF_Con_los_dos_PB_Sin_positivo": -2.4518209295855034, "REF_sin_negativo_PB_Sin_positivo": 0.9692229453627825}}, "times": {"Rot_Kalkandjiev_Fibo_Cubic_Interp_Exper_Sigm_k55.37334267018538_c0.9_iX": {"REF_sin_ninguno_PB_Con_los_dos": 0.45, "REF_sin_ninguno_PB_sin_negativo": 0.42, "REF_sin_ninguno_PB_Sin_positivo": 0.43, "REF_Con_los_dos_PB_sin_negativo": 0.38, "REF_Con_los_dos_PB_Sin_positivo": 0.41000000000000003, "REF_sin_negativo_PB_Sin_positivo": 0.36}, "Rot_Kalkandjiev_Quad_Cubic_Interp_Exper_Sigm_k55.37334267018538_c0.9_iX": {"REF_sin_ninguno_PB_Con_los_dos": 0.22999999999999998, "REF_sin_ninguno_PB_sin_negativo": 0.26, "REF_sin_ninguno_PB_Sin_positivo": 0.24, "REF_Con_los_dos_PB_sin_negativo": 0.25, "REF_Con_los_dos_PB_Sin_positivo": 0.20900000000000002, "REF_sin_negativo_PB_Sin_positivo": 0.216}, "Rot_Kalkandjiev_Fibo_Lanc_Interp_Exper_Sigm_k55.37334267018538_c0.9_iX": {"REF_sin_ninguno_PB_Con_los_dos": 0.67, "REF_sin_ninguno_PB_sin_negativo": 0.61, "REF_sin_ninguno_PB_Sin_positivo": 0.61, "REF_Con_los_dos_PB_sin_negativo": 0.5700000000000001, "REF_Con_los_dos_PB_Sin_positivo": 0.59, "REF_sin_negativo_PB_Sin_positivo": 0.6599999999999999}, "Rot_Kalkandjiev_Quad_Lanc_Interp_Exper_Sigm_k55.37334267018538_c0.9_iX": {"REF_sin_ninguno_PB_Con_los_dos": 0.38, "REF_sin_ninguno_PB_sin_negativo": 0.33999999999999997, "REF_sin_ninguno_PB_Sin_positivo": 0.38, "REF_Con_los_dos_PB_sin_negativo": 0.37, "REF_Con_los_dos_PB_Sin_positivo": 0.33999999999999997, "REF_sin_negativo_PB_Sin_positivo": 0.33}, "Mir_Fibo_Cubic_Interp_Exper_Sigm_k55.37334267018538_c0.9_iX": {"REF_sin_ninguno_PB_Con_los_dos": 0.35, "REF_sin_ninguno_PB_sin_negativo": 0.32, "REF_sin_ninguno_PB_Sin_positivo": 0.32, "REF_Con_los_dos_PB_sin_negativo": 0.43, "REF_Con_los_dos_PB_Sin_positivo": 0.39, "REF_sin_negativo_PB_Sin_positivo": 0.35},