{"image_pair_names": ["REF_sin_nada_PB_con_todo", "REF_sin_nada_PB_sin_negativo", "REF_sin_nada_PB_sin_positivo", "REF_con_todo_PB_sin_negativo", "REF_con_todo_PB_sin_positivo", "REF_sin_negativo_PB_sin_positivo", "REF_0_2_PB_90"], "predicted_delta_phiCRs": {"Simulation_Grav_Prepr_Max_DS_Exper_Searc_NM": {"REF_sin_nada_PB_con_todo": -0.15290566633547797, "REF_sin_nada_PB_sin_negativo": -0.4849054451888435, "REF_sin_nada_PB_sin_positivo": 0.36162324278983604, "REF_con_todo_PB_sin_negativo": -0.3319997788533646, "REF_con_todo_PB_sin_positivo": 0.514528909125314, "REF_sin_negativo_PB_sin_positivo": 0.846528687978676, "REF_0_2_PB_90": -3.0959414789475446}, "Simulation_Grav_Prepr_Max_DS_Exper_Searc_P": {"REF_sin_nada_PB_con_todo": -0.1613121548343992, "REF_sin_nada_PB_sin_negativo": -0.5028356207579572, "REF_sin_nada_PB_sin_positivo": 0.36241937358487597, "REF_con_todo_PB_sin_negativo": -0.3415234659235562, "REF_con_todo_PB_sin_positivo": 0.5237315284192752, "REF_sin_negativo_PB_sin_positivo": 0.8652549943428287, "REF_0_2_PB_90": -3.0898037780821346}}, "times": {"Simulation_Grav_Prepr_Max_DS_Exper_Searc_NM": {"REF_sin_nada_PB_con_todo": 1.8702490329742432, "REF_sin_nada_PB_sin_negativo": 1.691678524017334, "REF_sin_nada_PB_sin_positivo": 1.6462302207946777, "REF_con_todo_PB_sin_negativo": 1.6446037292480469, "REF_con_todo_PB_sin_positivo": 1.5960733890533447, "REF_sin_negativo_PB_sin_positivo": 1.6544480323791504, "REF_0_2_PB_90": 1.9764924049377441}, "Simulation_Grav_Prepr_Max_DS_Exper_Searc_P": {"REF_sin_nada_PB_con_todo": 1.8205769062042236, "REF_sin_nada_PB_sin_negativo": 1.8063781261444092, "REF_sin_nada_PB_sin_positivo": 1.7795541286468506, "REF_con_todo_PB_sin_negativo": 1.8022947311401367, "REF_con_todo_PB_sin_positivo": 1.7058310508728027, "REF_sin_negativo_PB_sin_positivo": 1.8670392036437988, "REF_0_2_PB_90": 1.9338104724884033}}}