{"image_pair_names": ["REF_ezer_PB_bixek", "REF_ezer_PB_sin_negat", "REF_ezer_PB_sin_posit", "REF_bixek_PB_sin_negat", "REF_bixek_PB_sin_posit", "REF_sin_negat_PB_sin_posit"], "predicted_delta_phiCRs": {"Simulation_Geom_Prepr_Mean_DS_Exper_Searc_NM": {"REF_ezer_PB_bixek": -0.16136999965502064, "REF_ezer_PB_sin_negat": -0.5869538444043405, "REF_ezer_PB_sin_posit": 0.40321534702878314, "REF_bixek_PB_sin_negat": -0.425583844749319, "REF_bixek_PB_sin_posit": 0.564585346683804, "REF_sin_negat_PB_sin_posit": 0.9901691914331233}, "Simulation_Geom_Prepr_Mean_DS_Exper_Searc_P": {"REF_ezer_PB_bixek": -0.1698155780000974, "REF_ezer_PB_sin_negat": -0.5755781940273312, "REF_ezer_PB_sin_posit": 0.4672009705770397, "REF_bixek_PB_sin_negat": -0.40576261602723207, "REF_bixek_PB_sin_posit": 0.6370165485771375, "REF_sin_negat_PB_sin_posit": 1.04277916460437}}, "times": {"Simulation_Geom_Prepr_Mean_DS_Exper_Searc_NM": {"REF_ezer_PB_bixek": 0.355924129486084, "REF_ezer_PB_sin_negat": 0.3639075756072998, "REF_ezer_PB_sin_posit": 0.37076830863952637, "REF_bixek_PB_sin_negat": 0.35644078254699707, "REF_bixek_PB_sin_posit": 0.3489525318145752, "REF_sin_negat_PB_sin_posit": 0.34768104553222656}, "Simulation_Geom_Prepr_Mean_DS_Exper_Searc_P": {"REF_ezer_PB_bixek": 0.30611181259155273, "REF_ezer_PB_sin_negat": 0.31038355827331543, "REF_ezer_PB_sin_posit": 0.3035461902618408, "REF_bixek_PB_sin_negat": 0.3145132064819336, "REF_bixek_PB_sin_posit": 0.32265186309814453, "REF_sin_negat_PB_sin_posit": 0.310138463973999}}}