{"image_pair_names": ["REF_sin_nada_PB_con_todo", "REF_sin_nada_PB_sin_negativo", "REF_sin_nada_PB_sin_positivo", "REF_con_todo_PB_sin_negativo", "REF_con_todo_PB_sin_positivo", "REF_sin_negativo_PB_sin_positivo", "REF_0_2_PB_90"], "predicted_delta_phiCRs": {"Simulation_Grav_Prepr_NCA_Trained_wnoisy_DS_Exper_Searc_NM": {"REF_sin_nada_PB_con_todo": -0.15739790527857345, "REF_sin_nada_PB_sin_negativo": -0.5016436472303596, "REF_sin_nada_PB_sin_positivo": 0.36004678678195834, "REF_con_todo_PB_sin_negativo": -0.34424574195178437, "REF_con_todo_PB_sin_positivo": 0.5174446920605318, "REF_sin_negativo_PB_sin_positivo": 0.8616904340123126, "REF_0_2_PB_90": -3.0013798837629375}, "Simulation_Grav_Prepr_NCA_Trained_wnoisy_DS_Exper_Searc_P": {"REF_sin_nada_PB_con_todo": -0.1613121548343992, "REF_sin_nada_PB_sin_negativo": -0.5028356207579572, "REF_sin_nada_PB_sin_positivo": 0.36241937358487597, "REF_con_todo_PB_sin_negativo": -0.3415234659235562, "REF_con_todo_PB_sin_positivo": 0.5237315284192752, "REF_sin_negativo_PB_sin_positivo": 0.8652549943428287, "REF_0_2_PB_90": -3.0898037780821346}}, "times": {"Simulation_Grav_Prepr_NCA_Trained_wnoisy_DS_Exper_Searc_NM": {"REF_sin_nada_PB_con_todo": 2.129021167755127, "REF_sin_nada_PB_sin_negativo": 2.104081153869629, "REF_sin_nada_PB_sin_positivo": 2.1153504848480225, "REF_con_todo_PB_sin_negativo": 2.175462245941162, "REF_con_todo_PB_sin_positivo": 2.0999908447265625, "REF_sin_negativo_PB_sin_positivo": 2.1033523082733154, "REF_0_2_PB_90": 2.1336748600006104}, "Simulation_Grav_Prepr_NCA_Trained_wnoisy_DS_Exper_Searc_P": {"REF_sin_nada_PB_con_todo": 2.218613624572754, "REF_sin_nada_PB_sin_negativo": 2.1646716594696045, "REF_sin_nada_PB_sin_positivo": 2.152252435684204, "REF_con_todo_PB_sin_negativo": 2.1191720962524414, "REF_con_todo_PB_sin_positivo": 2.096238374710083, "REF_sin_negativo_PB_sin_positivo": 2.101181745529175, "REF_0_2_PB_90": 2.3470206260681152}}}