{"image_pair_names": ["REF_sin_nada_PB_con_todo", "REF_sin_nada_PB_sin_negativo", "REF_sin_nada_PB_sin_positivo", "REF_con_todo_PB_sin_negativo", "REF_con_todo_PB_sin_positivo", "REF_sin_negativo_PB_sin_positivo", "REF_0_2_PB_90"], "predicted_delta_phiCRs": {"Rot_Kalkandjiev_Fibo_Cubic_Interp_Exper_Sigm_k35_c0.1_iX": {"REF_sin_nada_PB_con_todo": -0.16165460340799953, "REF_sin_nada_PB_sin_negativo": -0.5131765222099993, "REF_sin_nada_PB_sin_positivo": 0.3414875500500001, "REF_con_todo_PB_sin_negativo": -0.3515219188019998, "REF_con_todo_PB_sin_positivo": 0.5031421534579996, "REF_sin_negativo_PB_sin_positivo": 0.8546640722599994, "REF_0_2_PB_90": 3.261502616894293}, "Rot_Kalkandjiev_Quad_Cubic_Interp_Exper_Sigm_k35_c0.1_iX": {"REF_sin_nada_PB_con_todo": -0.16165659899999962, "REF_sin_nada_PB_sin_negativo": -0.513139507, "REF_sin_nada_PB_sin_positivo": 0.34156699495, "REF_con_todo_PB_sin_negativo": -0.35148290800000037, "REF_con_todo_PB_sin_positivo": 0.5032235939499996, "REF_sin_negativo_PB_sin_positivo": 0.85470650195, "REF_0_2_PB_90": 3.261460952389793}, "Rot_Kalkandjiev_Fibo_Lanc_Interp_Exper_Sigm_k35_c0.1_iX": {"REF_sin_nada_PB_con_todo": -0.1615291611865004, "REF_sin_nada_PB_sin_negativo": -0.5131756087249997, "REF_sin_nada_PB_sin_positivo": 0.3414884598550003, "REF_con_todo_PB_sin_negativo": -0.3516464475384993, "REF_con_todo_PB_sin_positivo": 0.5030176210415007, "REF_sin_negativo_PB_sin_positivo": 0.85466406858, "REF_0_2_PB_90": 3.261445607912293}, "Rot_Kalkandjiev_Quad_Lanc_Interp_Exper_Sigm_k35_c0.1_iX": {"REF_sin_nada_PB_con_todo": -0.16167565339999967, "REF_sin_nada_PB_sin_negativo": -0.5132789013999997, "REF_sin_nada_PB_sin_positivo": 0.34130592410000027, "REF_con_todo_PB_sin_negativo": -0.351603248, "REF_con_todo_PB_sin_positivo": 0.5029815774999999, "REF_sin_negativo_PB_sin_positivo": 0.8545848254999999, "REF_0_2_PB_90": 3.2615169600897933}, "Mir_Fibo_Cubic_Interp_Exper_Sigm_k35_c0.1_iX": {"REF_sin_nada_PB_con_todo": -0.161770693427, "REF_sin_nada_PB_sin_negativo": -0.5134313338500007, "REF_sin_nada_PB_sin_positivo": 0.34143544991279295, "REF_con_todo_PB_sin_negativo": -0.3516606404230007, "REF_con_todo_PB_sin_positivo": 0.503206143339793, "REF_sin_negativo_PB_sin_positivo": 0.8548667837627937, "REF_0_2_PB_90": 3.2615484071597933}, "Mir_Quad_Cubic_Interp_Exper_Sigm_k35_c0.1_iX": {"REF_sin_nada_PB_con_todo": -0.16192018790000073, "REF_sin_nada_PB_sin_negativo": -0.5135870060000007, "REF_sin_nada_PB_sin_positivo": 0.34133304308979273, "REF_con_todo_PB_sin_negativo": -0.3516668181, "REF_con_todo_PB_sin_positivo": 0.5032532309897935, "REF_sin_negativo_PB_sin_positivo": 0.8549200490897935, "REF_0_2_PB_90": 3.2613166374897933}, "Mir_Fibo_Lanc_Interp_Exper_Sigm_k35_c0.1_iX": {"REF_sin_nada_PB_con_todo": -0.16174969026199992, "REF_sin_nada_PB_sin_negativo": -0.513410409455, "REF_sin_nada_PB_sin_positivo": 0.34119917149779244, "REF_con_todo_PB_sin_negativo": -0.3516607191930001, "REF_con_todo_PB_sin_positivo": 0.5029488617597924, "REF_sin_negativo_PB_sin_positivo": 0.8546095809527925, "REF_0_2_PB_90": 3.2610977270507933}, "Mir_Quad_Lanc_Interp_Exper_Sigm_k35_c0.1_iX": {"REF_sin_nada_PB_con_todo": -0.16181934990000002, "REF_sin_nada_PB_sin_negativo": -0.5133810852000007, "REF_sin_nada_PB_sin_positivo": 0.34138761508979254, "REF_con_todo_PB_sin_negativo": -0.3515617353000007, "REF_con_todo_PB_sin_positivo": 0.5032069649897926, "REF_sin_negativo_PB_sin_positivo": 0.8547687002897932, "REF_0_2_PB_90": 3.2611813716297933}, "Rot_Naive_Fibo_Cubic_Interp_Exper_Sigm_k35_c0.1_iX": {"REF_sin_nada_PB_con_todo": -0.15742012326999966, "REF_sin_nada_PB_sin_negativo": -0.5141973848900001, "REF_sin_nada_PB_sin_positivo": 0.3419053640919998, "REF_con_todo_PB_sin_negativo": -0.35490644039999975, "REF_con_todo_PB_sin_positivo": 0.5055632228000002, "REF_sin_negativo_PB_sin_positivo": 0.8650655836889998, "REF_0_2_PB_90": -3.029321178063586}, "Rot_Naive_Quad_Cubic_Interp_Exper_Sigm_k35_c0.1_iX": {"REF_sin_nada_PB_con_todo": -0.15734030099999963, "REF_sin_nada_PB_sin_negativo": -0.5141851326999998, "REF_sin_nada_PB_sin_positivo": 0.34203320117000047, "REF_con_todo_PB_sin_negativo": -0.35538896200000014, "REF_con_todo_PB_sin_positivo": 0.5041239076000004, "REF_sin_negativo_PB_sin_positivo": 0.8648628353000003, "REF_0_2_PB_90": -3.029400056179586}, "Rot_Naive_Fibo_Lanc_Interp_Exper_Sigm_k35_c0.1_iX": {"REF_sin_nada_PB_con_todo": -0.15742036086999978, "REF_sin_nada_PB_sin_negativo": -0.5141968881679997, "REF_sin_nada_PB_sin_positivo": 0.34190537374700014, "REF_con_todo_PB_sin_negativo": -0.35490644039999975, "REF_con_todo_PB_sin_positivo": 0.5055632228000002, "REF_sin_negativo_PB_sin_positivo": 0.8642869390920005, "REF_0_2_PB_90": -3.029321178063586}, "Rot_Naive_Quad_Lanc_Interp_Exper_Sigm_k35_c0.1_iX": {"REF_sin_nada_PB_con_todo": -0.1574830150000004, "REF_sin_nada_PB_sin_negativo": -0.5141851706000002, "REF_sin_nada_PB_sin_positivo": 0.3419780096, "REF_con_todo_PB_sin_negativo": -0.3554985119999996, "REF_con_todo_PB_sin_positivo": 0.5055563257399998, "REF_sin_negativo_PB_sin_positivo": 0.8645612184000004, "REF_0_2_PB_90": -3.0294926703795864}, "Rel_Rot_Fourier_Phase_Correlat_Exper_Sigm_k35_c0.1_iX": {"REF_sin_nada_PB_con_todo": -0.1581268302306862, "REF_sin_nada_PB_sin_negativo": -0.4810127418496375, "REF_sin_nada_PB_sin_positivo": -0.06579891280018657, "REF_con_todo_PB_sin_negativo": -0.018325957145940208, "REF_con_todo_PB_sin_positivo": -0.06544984694978773, "REF_sin_negativo_PB_sin_positivo": -0.0460766922526501, "REF_0_2_PB_90": -2.9974284573750616}, "Histo_Intra_Class_Var_Exper_Sigm_k35_c0.1_iX": {"REF_sin_nada_PB_con_todo": -0.12049944424727954, "REF_sin_nada_PB_sin_negativo": -0.6093829037648142, "REF_sin_nada_PB_sin_positivo": 0.24616315039087147, "REF_con_todo_PB_sin_negativo": -0.48888345951753465, "REF_con_todo_PB_sin_positivo": 0.3666625946381512, "REF_sin_negativo_PB_sin_positivo": 0.8555460541556862, "REF_0_2_PB_90": 3.095114296522985}, "Grad_Regress_Exper_Sigm_k35_c0.1_iX": {"REF_sin_nada_PB_con_todo": -0.1797989814606442, "REF_sin_nada_PB_sin_negativo": -0.6898103781287448, "REF_sin_nada_PB_sin_positivo": 0.34970289618326256, "REF_con_todo_PB_sin_negativo": -0.5100113966680997, "REF_con_todo_PB_sin_positivo": 0.5295018776439072, "REF_sin_negativo_PB_sin_positivo": 1.0395132743120072, "REF_0_2_PB_90": -3.0988949518971407}}, "times": {"Rot_Kalkandjiev_Fibo_Cubic_Interp_Exper_Sigm_k35_c0.1_iX": {"REF_sin_nada_PB_con_todo": 0.22999999999999998, "REF_sin_nada_PB_sin_negativo": 0.25, "REF_sin_nada_PB_sin_positivo": 0.24, "REF_con_todo_PB_sin_negativo": 0.27, "REF_con_todo_PB_sin_positivo": 0.25, "REF_sin_negativo_PB_sin_positivo": 0.27, "REF_0_2_PB_90": 0.24}, "Rot_Kalkandjiev_Quad_Cubic_Interp_Exper_Sigm_k35_c0.1_iX": {"REF_sin_nada_PB_con_todo": 0.138, "REF_sin_nada_PB_sin_negativo": 0.14300000000000002, "REF_sin_nada_PB_sin_positivo": 0.14200000000000002, "REF_con_todo_PB_sin_negativo": 0.135, "REF_con_todo_PB_sin_positivo": 0.138, "REF_sin_negativo_PB_sin_positivo": 0.14100000000000001, "REF_0_2_PB_90": 0.14200000000000002}, "Rot_Kalkandjiev_Fibo_Lanc_Interp_Exper_Sigm_k35_c0.1_iX": {"REF_sin_nada_PB_con_todo": 0.42, "REF_sin_nada_PB_sin_negativo": 0.41000000000000003, "REF_sin_nada_PB_sin_positivo": 0.47, "REF_con_todo_PB_sin_negativo": 0.42, "REF_con_todo_PB_sin_positivo": 0.47, "REF_sin_negativo_PB_sin_positivo": 0.43, "REF_0_2_PB_90": 0.39}, "Rot_Kalkandjiev_Quad_Lanc_Interp_Exper_Sigm_k35_c0.1_iX": {"REF_sin_nada_PB_con_todo": 0.29000000000000004, "REF_sin_nada_PB_sin_negativo": 0.25, "REF_sin_nada_PB_sin_positivo": 0.22999999999999998, "REF_con_todo_PB_sin_negativo": 0.22999999999999998, "REF_con_todo_PB_sin_positivo": 0.22999999999999998, "REF_sin_negativo_PB_sin_positivo": 0.22999999999999998, "REF_0_2_PB_90": 0.26}, "Mir_Fibo_Cubic_Interp_Exper_Sigm_k35_c0.1_iX": {"REF_sin_nada_PB_con_todo": 0.24, "REF_sin_nada_PB_sin_negativo": 0.24, "REF_sin_nada_PB_sin_positivo": 0.212, "REF_con_todo_PB_sin_negativo": 0.24,