{"image_pair_names": ["REF_sin_nada_PB_con_todo", "REF_sin_nada_PB_sin_negativo", "REF_sin_nada_PB_sin_positivo", "REF_con_todo_PB_sin_negativo", "REF_con_todo_PB_sin_positivo", "REF_sin_negativo_PB_sin_positivo", "REF_0_2_PB_90"], "predicted_delta_phiCRs": {"Embedder_KNN_NCA_Trained_wnoisy_DS_Exper": {"REF_sin_nada_PB_con_todo": -0.28626102922244456, "REF_sin_nada_PB_sin_negativo": -0.3682860927555245, "REF_sin_nada_PB_sin_positivo": 0.3203871122511338, "REF_con_todo_PB_sin_negativo": -0.08202506353307903, "REF_con_todo_PB_sin_positivo": 0.6066481414735786, "REF_sin_negativo_PB_sin_positivo": 0.6886732050066581, "REF_0_2_PB_90": 2.991431176643558}}, "times": {"Embedder_KNN_NCA_Trained_wnoisy_DS_Exper": {"REF_sin_nada_PB_con_todo": 0.32549166679382324, "REF_sin_nada_PB_sin_negativo": 0.32549166679382324, "REF_sin_nada_PB_sin_positivo": 0.32549166679382324, "REF_con_todo_PB_sin_negativo": 0.32549166679382324, "REF_con_todo_PB_sin_positivo": 0.32549166679382324, "REF_sin_negativo_PB_sin_positivo": 0.32549166679382324, "REF_0_2_PB_90": 0.32549166679382324}}}