{"image_pair_names": ["REF_sin_nada_PB_con_todo", "REF_sin_nada_PB_sin_negativo", "REF_sin_nada_PB_sin_positivo", "REF_con_todo_PB_sin_negativo", "REF_con_todo_PB_sin_positivo", "REF_sin_negativo_PB_sin_positivo", "REF_0_2_PB_90"], "predicted_delta_phiCRs": {"Simulation_Grav_Prepr_Mean_DS_Exper_Searc_NM": {"REF_sin_nada_PB_con_todo": -0.1493022500796588, "REF_sin_nada_PB_sin_negativo": -0.4848988829653198, "REF_sin_nada_PB_sin_positivo": 0.3802356216280094, "REF_con_todo_PB_sin_negativo": -0.335596632885661, "REF_con_todo_PB_sin_positivo": 0.5295378717076682, "REF_sin_negativo_PB_sin_positivo": 0.8651345045933274, "REF_0_2_PB_90": -3.1167348435058724}, "Simulation_Grav_Prepr_Mean_DS_Exper_Searc_P": {"REF_sin_nada_PB_con_todo": -0.1613121548343992, "REF_sin_nada_PB_sin_negativo": -0.5028356207579572, "REF_sin_nada_PB_sin_positivo": 0.36241937358487597, "REF_con_todo_PB_sin_negativo": -0.3415234659235562, "REF_con_todo_PB_sin_positivo": 0.5237315284192752, "REF_sin_negativo_PB_sin_positivo": 0.8652549943428287, "REF_0_2_PB_90": -3.0898037780821346}}, "times": {"Simulation_Grav_Prepr_Mean_DS_Exper_Searc_NM": {"REF_sin_nada_PB_con_todo": 1.7571969032287598, "REF_sin_nada_PB_sin_negativo": 1.7112860679626465, "REF_sin_nada_PB_sin_positivo": 1.8996684551239014, "REF_con_todo_PB_sin_negativo": 1.6631317138671875, "REF_con_todo_PB_sin_positivo": 1.7974328994750977, "REF_sin_negativo_PB_sin_positivo": 1.7583556175231934, "REF_0_2_PB_90": 1.879004716873169}, "Simulation_Grav_Prepr_Mean_DS_Exper_Searc_P": {"REF_sin_nada_PB_con_todo": 1.6515223979949951, "REF_sin_nada_PB_sin_negativo": 1.6888508796691895, "REF_sin_nada_PB_sin_positivo": 1.7714428901672363, "REF_con_todo_PB_sin_negativo": 1.6458930969238281, "REF_con_todo_PB_sin_positivo": 1.6814463138580322, "REF_sin_negativo_PB_sin_positivo": 1.6892390251159668, "REF_0_2_PB_90": 1.8090085983276367}}}