{"image_pair_names": ["REF_ezer_PB_bixek", "REF_ezer_PB_sin_negat", "REF_ezer_PB_sin_posit", "REF_bixek_PB_sin_negat", "REF_bixek_PB_sin_posit", "REF_sin_negat_PB_sin_posit"], "predicted_delta_phiCRs": {"Rot_Kalkandjiev_Fibo_Cubic_Interp_Exper_to_Max_iX": {"REF_ezer_PB_bixek": -0.19752541259729295, "REF_ezer_PB_sin_negat": -0.596653404539793, "REF_ezer_PB_sin_posit": 0.4486862832840002, "REF_bixek_PB_sin_negat": -0.39912799194250004, "REF_bixek_PB_sin_posit": 0.6462116958812931, "REF_sin_negat_PB_sin_posit": 1.0453396878237933}, "Rot_Kalkandjiev_Quad_Cubic_Interp_Exper_to_Max_iX": {"REF_ezer_PB_bixek": -0.19777232658979316, "REF_ezer_PB_sin_negat": -0.5966082615897932, "REF_ezer_PB_sin_posit": 0.4478054169999999, "REF_bixek_PB_sin_negat": -0.39883593500000003, "REF_bixek_PB_sin_posit": 0.645577743589793, "REF_sin_negat_PB_sin_posit": 1.044413678589793}, "Rot_Kalkandjiev_Fibo_Lanc_Interp_Exper_to_Max_iX": {"REF_ezer_PB_bixek": -0.1973749070297931, "REF_ezer_PB_sin_negat": -0.596660075449793, "REF_ezer_PB_sin_posit": 0.44810360944749994, "REF_bixek_PB_sin_negat": -0.39928516841999995, "REF_bixek_PB_sin_posit": 0.645478516477293, "REF_sin_negat_PB_sin_posit": 1.044763684897293}, "Rot_Kalkandjiev_Quad_Lanc_Interp_Exper_to_Max_iX": {"REF_ezer_PB_bixek": -0.19735917358979305, "REF_ezer_PB_sin_negat": -0.5965450490897931, "REF_ezer_PB_sin_posit": 0.44812128000000007, "REF_bixek_PB_sin_negat": -0.39918587550000006, "REF_bixek_PB_sin_posit": 0.6454804535897931, "REF_sin_negat_PB_sin_posit": 1.044666329089793}, "Mir_Fibo_Cubic_Interp_Exper_to_Max_iX": {"REF_ezer_PB_bixek": -0.19806549108899996, "REF_ezer_PB_sin_negat": -0.5961946060569999, "REF_ezer_PB_sin_posit": 0.4487448405530001, "REF_bixek_PB_sin_negat": -0.39812911496799996, "REF_bixek_PB_sin_posit": 0.6468103316420001, "REF_sin_negat_PB_sin_posit": 1.04493944661}, "Mir_Quad_Cubic_Interp_Exper_to_Max_iX": {"REF_ezer_PB_bixek": -0.19777792700000008, "REF_ezer_PB_sin_negat": -0.59587323, "REF_ezer_PB_sin_posit": 0.44804507000000005, "REF_bixek_PB_sin_negat": -0.39809530299999996, "REF_bixek_PB_sin_posit": 0.6458229970000001, "REF_sin_negat_PB_sin_posit": 1.0439183}, "Mir_Fibo_Lanc_Interp_Exper_to_Max_iX": {"REF_ezer_PB_bixek": -0.19624163827899999, "REF_ezer_PB_sin_negat": -0.595845571787, "REF_ezer_PB_sin_posit": 0.4482034872430001, "REF_bixek_PB_sin_negat": -0.39960393350800005, "REF_bixek_PB_sin_posit": 0.6444451255220001, "REF_sin_negat_PB_sin_posit": 1.0440490590300002}, "Mir_Quad_Lanc_Interp_Exper_to_Max_iX": {"REF_ezer_PB_bixek": -0.19781777699999992, "REF_ezer_PB_sin_negat": -0.5960757729999999, "REF_ezer_PB_sin_posit": 0.447924427, "REF_bixek_PB_sin_negat": -0.398257996, "REF_bixek_PB_sin_posit": 0.6457422039999999, "REF_sin_negat_PB_sin_posit": 1.0440002}, "Rot_Naive_Fibo_Cubic_Interp_Exper_to_Max_iX": {"REF_ezer_PB_bixek": -0.1994373581559996, "REF_ezer_PB_sin_negat": -0.6018423961900004, "REF_ezer_PB_sin_posit": 0.4495758038400002, "REF_bixek_PB_sin_negat": -0.40304123439699957, "REF_bixek_PB_sin_posit": 0.6535996282859999, "REF_sin_negat_PB_sin_posit": 1.058040735564}, "Rot_Naive_Quad_Cubic_Interp_Exper_to_Max_iX": {"REF_ezer_PB_bixek": -0.19858533000000023, "REF_ezer_PB_sin_negat": -0.6007208300000002, "REF_ezer_PB_sin_posit": 0.449660411, "REF_bixek_PB_sin_negat": -0.40234929100000016, "REF_bixek_PB_sin_posit": 0.6541230999999996, "REF_sin_negat_PB_sin_posit": 1.0581937239999997}, "Rot_Naive_Fibo_Lanc_Interp_Exper_to_Max_iX": {"REF_ezer_PB_bixek": -0.19818572814000035, "REF_ezer_PB_sin_negat": -0.6019051821800003, "REF_ezer_PB_sin_posit": 0.4496770843000002, "REF_bixek_PB_sin_negat": -0.40069009426400015, "REF_bixek_PB_sin_posit": 0.65359955006, "REF_sin_negat_PB_sin_posit": 1.0580405059039997}, "Rot_Naive_Quad_Lanc_Interp_Exper_to_Max_iX": {"REF_ezer_PB_bixek": -0.1986572200000003, "REF_ezer_PB_sin_negat": -0.6004847299999998, "REF_ezer_PB_sin_posit": 0.44967321000000027, "REF_bixek_PB_sin_negat": -0.40068064000000003, "REF_bixek_PB_sin_posit": 0.6550560140000004, "REF_sin_negat_PB_sin_posit": 1.0560065300000003}, "Rel_Rot_Fourier_Phase_Correlat_Exper_to_Max_iX": {"REF_ezer_PB_bixek": -0.05532693728822036, "REF_ezer_PB_sin_negat": 0.32201324699295375, "REF_ezer_PB_sin_posit": 0.2516764781375823, "REF_bixek_PB_sin_negat": -0.10751228192285112, "REF_bixek_PB_sin_posit": 0.10000736613927508, "REF_sin_negat_PB_sin_posit": 1.4784684093643965}, "Histo_Intra_Class_Var_Exper_to_Max_iX": {"REF_ezer_PB_bixek": -0.1876348488993358, "REF_ezer_PB_sin_negat": -0.44068368181862283, "REF_ezer_PB_sin_posit": 0.5456903403769668, "REF_bixek_PB_sin_negat": -0.25304883291928704, "REF_bixek_PB_sin_posit": 0.7333251892763024, "REF_sin_negat_PB_sin_posit": 0.9863740221955899}, "Grad_Regress_Exper_to_Max_iX": {"REF_ezer_PB_bixek": -0.0027665788351898257, "REF_ezer_PB_sin_negat": 3.1393004484749034, "REF_ezer_PB_sin_posit": -0.002932785265796767, "REF_bixek_PB_sin_negat": -3.141118279869493, "REF_bixek_PB_sin_posit": -0.00016620643060782925, "REF_sin_negat_PB_sin_posit": 3.1409520734388856}}, "times": {"Rot_Kalkandjiev_Fibo_Cubic_Interp_Exper_to_Max_iX": {"REF_ezer_PB_bixek": 0.131, "REF_ezer_PB_sin_negat": 0.13, "REF_ezer_PB_sin_posit": 0.11699999999999999, "REF_bixek_PB_sin_negat": 0.134, "REF_bixek_PB_sin_posit": 0.118, "REF_sin_negat_PB_sin_posit": 0.119}, "Rot_Kalkandjiev_Quad_Cubic_Interp_Exper_to_Max_iX": {"REF_ezer_PB_bixek": 0.076, "REF_ezer_PB_sin_negat": 0.07200000000000001, "REF_ezer_PB_sin_posit": 0.066, "REF_bixek_PB_sin_negat": 0.07200000000000001, "REF_bixek_PB_sin_posit": 0.065, "REF_sin_negat_PB_sin_posit": 0.062}, "Rot_Kalkandjiev_Fibo_Lanc_Interp_Exper_to_Max_iX": {"REF_ezer_PB_bixek": 0.29000000000000004, "REF_ezer_PB_sin_negat": 0.28, "REF_ezer_PB_sin_posit": 0.25, "REF_bixek_PB_sin_negat": 0.27, "REF_bixek_PB_sin_posit": 0.26, "REF_sin_negat_PB_sin_posit": 0.28}, "Rot_Kalkandjiev_Quad_Lanc_Interp_Exper_to_Max_iX": {"REF_ezer_PB_bixek": 0.15799999999999997, "REF_ezer_PB_sin_negat": 0.18, "REF_ezer_PB_sin_posit": 0.151, "REF_bixek_PB_sin_negat": 0.14600000000000002, "REF_bixek_PB_sin_posit": 0.133, "REF_sin_negat_PB_sin_posit": 0.139}, "Mir_Fibo_Cubic_Interp_Exper_to_Max_iX": {"REF_ezer_PB_bixek": 0.123, "REF_ezer_PB_sin_negat": 0.118, "REF_ezer_PB_sin_posit": 0.11399999999999999, "REF_bixek_PB_sin_negat": 0.123, "REF_bixek_PB_sin_posit": 0.119, "REF_sin_negat_PB_sin_posit": 0.11399999999999999}, "Mir_Quad_Cubic_Interp_Exper_to_Max_iX": {"REF_ezer_PB_bixek": 0.07600000000000001, "REF_ezer_PB_sin_negat": 0.069, "REF_ezer_PB_sin_posit": 0.061, "REF_bixek_PB_sin_negat": 0.07600000000000001, "REF_bixek_PB_sin_posit": 0.068, "REF_sin_negat_PB_sin_posit": 0.062}, "Mir_Fibo_Lanc_Interp_Exper_to_Max_iX": {"REF_ezer_PB_bixek": 0.27, "REF_ezer_PB_sin_negat": 0.24, "REF_ezer_PB_sin_posit": 0.25, "REF_bixek_PB_sin_negat": 0.25, "REF_bixek_PB_sin_posit": 0.26, "REF_sin_negat_PB_sin_posit": 0.25}, "Mir_Quad_Lanc_Interp_Exper_to_Max_iX": {"REF_ezer_PB_bixek": 0.146, "REF_ezer_PB_sin_negat": 0.129, "REF_ezer_PB_sin_posit": 0.14, "REF_bixek_PB_sin_negat": 0.126, "REF_bixek_PB_sin_posit": 0.138, "REF_sin_negat_PB_sin_posit": 0.125}, "Rot_Naive_Fibo_Cubic_Interp_Exper_to_Max_iX": {"REF_ezer_PB_bixek": 0.062, "REF_ezer_PB_sin_negat": 0.065, "REF_ezer_PB_sin_posit": 0.065, "REF_bixek_PB_sin_negat": 0.064, "REF_bixek_PB_sin_posit": 0.057, "REF_sin_negat_PB_sin_posit": 0.066}, "Rot_Naive_Quad_Cubic_Interp_Exper_to_Max_iX": {"REF_ezer_PB_bixek": 0.038, "REF_ezer_PB_sin_negat": 0.036, "REF_ezer_PB_sin_posit": 0.036, "REF_bixek_PB_sin_negat": 0.038, "REF_bixek_PB_sin_posit": 0.03, "REF_sin_negat_PB_sin_posit": 0.043}, "Rot_Naive_Fibo_Lanc_Interp_Exper_to_Max_iX": {"REF_ezer_PB_bixek": 0.11, "REF_ezer_PB_sin_negat": 0.13, "REF_ezer_PB_sin_posit": 0.13, "REF_bixek_PB_sin_negat": 0.13, "REF_bixek_PB_sin_posit": 0.15, "REF_sin_negat_PB_sin_posit": 0.13}, "Rot_Naive_Quad_Lanc_Interp_Exper_to_Max_iX": {"REF_ezer_PB_bixek": 0.07, "REF_ezer_PB_sin_negat": 0.068, "REF_ezer_PB_sin_posit": 0.069, "REF_bixek_PB_sin_negat": 0.07,