{"image_pair_names": ["REF_ezer_PB_bixek", "REF_ezer_PB_sin_negat", "REF_ezer_PB_sin_posit", "REF_bixek_PB_sin_negat", "REF_bixek_PB_sin_posit", "REF_sin_negat_PB_sin_posit"], "predicted_delta_phiCRs": {"Rot_Kalkandjiev_Fibo_Cubic_Interp_Exper_Open_s7_toMean_iX": {"REF_ezer_PB_bixek": -0.18819658137129325, "REF_ezer_PB_sin_negat": -0.6236085887747932, "REF_ezer_PB_sin_posit": 0.4195442992084999, "REF_bixek_PB_sin_negat": -0.43541200740349995, "REF_bixek_PB_sin_posit": 0.6077408805797931, "REF_sin_negat_PB_sin_posit": 1.0431528879832932}, "Rot_Kalkandjiev_Quad_Cubic_Interp_Exper_Open_s7_toMean_iX": {"REF_ezer_PB_bixek": -0.18739833058979327, "REF_ezer_PB_sin_negat": -0.6229340950897932, "REF_ezer_PB_sin_posit": 0.41970195499999985, "REF_bixek_PB_sin_negat": -0.4355357645, "REF_bixek_PB_sin_posit": 0.6071002855897931, "REF_sin_negat_PB_sin_posit": 1.042636050089793}, "Rot_Kalkandjiev_Fibo_Lanc_Interp_Exper_Open_s7_toMean_iX": {"REF_ezer_PB_bixek": -0.18642003702879306, "REF_ezer_PB_sin_negat": -0.623185443101793, "REF_ezer_PB_sin_posit": 0.41957670754099996, "REF_bixek_PB_sin_negat": -0.43676540607299996, "REF_bixek_PB_sin_posit": 0.605996744569793, "REF_sin_negat_PB_sin_posit": 1.042762150642793}, "Rot_Kalkandjiev_Quad_Lanc_Interp_Exper_Open_s7_toMean_iX": {"REF_ezer_PB_bixek": -0.18784617858979313, "REF_ezer_PB_sin_negat": -0.6242511830897931, "REF_ezer_PB_sin_posit": 0.41866076399999996, "REF_bixek_PB_sin_negat": -0.43640500449999997, "REF_bixek_PB_sin_posit": 0.6065069425897931, "REF_sin_negat_PB_sin_posit": 1.042911947089793}, "Mir_Fibo_Cubic_Interp_Exper_Open_s7_toMean_iX": {"REF_ezer_PB_bixek": -0.18689529960999995, "REF_ezer_PB_sin_negat": -0.623296471541, "REF_ezer_PB_sin_posit": 0.41963736943700014, "REF_bixek_PB_sin_negat": -0.43640117193100003, "REF_bixek_PB_sin_posit": 0.6065326690470001, "REF_sin_negat_PB_sin_posit": 1.0429338409780002}, "Mir_Quad_Cubic_Interp_Exper_Open_s7_toMean_iX": {"REF_ezer_PB_bixek": -0.1879526549999999, "REF_ezer_PB_sin_negat": -0.6240650169999999, "REF_ezer_PB_sin_posit": 0.418631803, "REF_bixek_PB_sin_negat": -0.43611236200000003, "REF_bixek_PB_sin_posit": 0.6065844579999999, "REF_sin_negat_PB_sin_posit": 1.04269682}, "Mir_Fibo_Lanc_Interp_Exper_Open_s7_toMean_iX": {"REF_ezer_PB_bixek": -0.188181091267, "REF_ezer_PB_sin_negat": -0.624610157105, "REF_ezer_PB_sin_posit": 0.41834299974799993, "REF_bixek_PB_sin_negat": -0.436429065838, "REF_bixek_PB_sin_posit": 0.6065240910149999, "REF_sin_negat_PB_sin_posit": 1.042953156853}, "Mir_Quad_Lanc_Interp_Exper_Open_s7_toMean_iX": {"REF_ezer_PB_bixek": -0.18776229850000004, "REF_ezer_PB_sin_negat": -0.6260706379000001, "REF_ezer_PB_sin_posit": 0.41847272849999984, "REF_bixek_PB_sin_negat": -0.4383083394, "REF_bixek_PB_sin_posit": 0.6062350269999999, "REF_sin_negat_PB_sin_posit": 1.0445433664}, "Rot_Naive_Fibo_Cubic_Interp_Exper_Open_s7_toMean_iX": {"REF_ezer_PB_bixek": -0.18687208523400045, "REF_ezer_PB_sin_negat": -0.6276489914900001, "REF_ezer_PB_sin_posit": 0.42280484259999973, "REF_bixek_PB_sin_negat": -0.4355825395680002, "REF_bixek_PB_sin_posit": 0.614539631695, "REF_sin_negat_PB_sin_posit": 1.0495365684499998}, "Rot_Naive_Quad_Cubic_Interp_Exper_Open_s7_toMean_iX": {"REF_ezer_PB_bixek": -0.18603113300000018, "REF_ezer_PB_sin_negat": -0.6268496360000002, "REF_ezer_PB_sin_posit": 0.42350695100000024, "REF_bixek_PB_sin_negat": -0.43437031100000034, "REF_bixek_PB_sin_posit": 0.6146709599999998, "REF_sin_negat_PB_sin_posit": 1.0481667999999997}, "Rot_Naive_Fibo_Lanc_Interp_Exper_Open_s7_toMean_iX": {"REF_ezer_PB_bixek": -0.18687269186400002, "REF_ezer_PB_sin_negat": -0.6276503054539999, "REF_ezer_PB_sin_posit": 0.42294968064100047, "REF_bixek_PB_sin_negat": -0.4355824575699998, "REF_bixek_PB_sin_posit": 0.614539631695, "REF_sin_negat_PB_sin_posit": 1.0495365684499998}, "Rot_Naive_Quad_Lanc_Interp_Exper_Open_s7_toMean_iX": {"REF_ezer_PB_bixek": -0.18575962099999987, "REF_ezer_PB_sin_negat": -0.6278166010000001, "REF_ezer_PB_sin_posit": 0.423540805, "REF_bixek_PB_sin_negat": -0.43520827299999976, "REF_bixek_PB_sin_posit": 0.6151723269999998, "REF_sin_negat_PB_sin_posit": 1.0480998000000001}, "Rel_Rot_Fourier_Phase_Correlat_Exper_Open_s7_toMean_iX": {"REF_ezer_PB_bixek": 0.030368728984701335, "REF_ezer_PB_sin_negat": -0.6222098783359788, "REF_ezer_PB_sin_posit": 0.42149701435663056, "REF_bixek_PB_sin_negat": -0.44017203735297006, "REF_bixek_PB_sin_posit": 0.6106907052728159, "REF_sin_negat_PB_sin_posit": 1.1081095420912}, "Histo_Intra_Class_Var_Exper_Open_s7_toMean_iX": {"REF_ezer_PB_bixek": -0.1893562695314399, "REF_ezer_PB_sin_negat": -0.1945205314277514, "REF_ezer_PB_sin_posit": 0.5973329593400867, "REF_bixek_PB_sin_negat": -0.005164261896312361, "REF_bixek_PB_sin_posit": 0.7866892288715263, "REF_sin_negat_PB_sin_posit": 0.7918534907678382}, "Grad_Regress_Exper_Open_s7_toMean_iX": {"REF_ezer_PB_bixek": 0.0028729860296943244, "REF_ezer_PB_sin_negat": 3.1412899842392203, "REF_ezer_PB_sin_posit": 0.0019450992123144495, "REF_bixek_PB_sin_negat": 3.138416998209526, "REF_bixek_PB_sin_posit": -0.0009278868173794308, "REF_sin_negat_PB_sin_posit": -3.139344885026906}}, "times": {"Rot_Kalkandjiev_Fibo_Cubic_Interp_Exper_Open_s7_toMean_iX": {"REF_ezer_PB_bixek": 0.128, "REF_ezer_PB_sin_negat": 0.133, "REF_ezer_PB_sin_posit": 0.126, "REF_bixek_PB_sin_negat": 0.122, "REF_bixek_PB_sin_posit": 0.119, "REF_sin_negat_PB_sin_posit": 0.125}, "Rot_Kalkandjiev_Quad_Cubic_Interp_Exper_Open_s7_toMean_iX": {"REF_ezer_PB_bixek": 0.07, "REF_ezer_PB_sin_negat": 0.07200000000000001, "REF_ezer_PB_sin_posit": 0.064, "REF_bixek_PB_sin_negat": 0.07200000000000001, "REF_bixek_PB_sin_posit": 0.066, "REF_sin_negat_PB_sin_posit": 0.068}, "Rot_Kalkandjiev_Fibo_Lanc_Interp_Exper_Open_s7_toMean_iX": {"REF_ezer_PB_bixek": 0.26, "REF_ezer_PB_sin_negat": 0.25, "REF_ezer_PB_sin_posit": 0.25, "REF_bixek_PB_sin_negat": 0.25, "REF_bixek_PB_sin_posit": 0.25, "REF_sin_negat_PB_sin_posit": 0.24}, "Rot_Kalkandjiev_Quad_Lanc_Interp_Exper_Open_s7_toMean_iX": {"REF_ezer_PB_bixek": 0.138, "REF_ezer_PB_sin_negat": 0.147, "REF_ezer_PB_sin_posit": 0.14100000000000001, "REF_bixek_PB_sin_negat": 0.14300000000000002, "REF_bixek_PB_sin_posit": 0.137, "REF_sin_negat_PB_sin_posit": 0.14600000000000002}, "Mir_Fibo_Cubic_Interp_Exper_Open_s7_toMean_iX": {"REF_ezer_PB_bixek": 0.128, "REF_ezer_PB_sin_negat": 0.126, "REF_ezer_PB_sin_posit": 0.119, "REF_bixek_PB_sin_negat": 0.128, "REF_bixek_PB_sin_posit": 0.119, "REF_sin_negat_PB_sin_posit": 0.12}, "Mir_Quad_Cubic_Interp_Exper_Open_s7_toMean_iX": {"REF_ezer_PB_bixek": 0.075, "REF_ezer_PB_sin_negat": 0.077, "REF_ezer_PB_sin_posit": 0.068, "REF_bixek_PB_sin_negat": 0.077, "REF_bixek_PB_sin_posit": 0.068, "REF_sin_negat_PB_sin_posit": 0.069}, "Mir_Fibo_Lanc_Interp_Exper_Open_s7_toMean_iX": {"REF_ezer_PB_bixek": 0.27, "REF_ezer_PB_sin_negat": 0.26, "REF_ezer_PB_sin_posit": 0.24, "REF_bixek_PB_sin_negat": 0.27, "REF_bixek_PB_sin_posit": 0.25, "REF_sin_negat_PB_sin_posit": 0.25}, "Mir_Quad_Lanc_Interp_Exper_Open_s7_toMean_iX": {"REF_ezer_PB_bixek": 0.154, "REF_ezer_PB_sin_negat": 0.152, "REF_ezer_PB_sin_posit": 0.14200000000000002, "REF_bixek_PB_sin_negat": 0.149, "REF_bixek_PB_sin_posit": 0.14200000000000002, "REF_sin_negat_PB_sin_posit": 0.154}, "Rot_Naive_Fibo_Cubic_Interp_Exper_Open_s7_toMean_iX": {"REF_ezer_PB_bixek": 0.065, "REF_ezer_PB_sin_negat": 0.063, "REF_ezer_PB_sin_posit": 0.045, "REF_bixek_PB_sin_negat": 0.063, "REF_bixek_PB_sin_posit": 0.058, "REF_sin_negat_PB_sin_posit": 0.056}, "Rot_Naive_Quad_Cubic_Interp_Exper_Open_s7_toMean_iX": {"REF_ezer_PB_bixek": 0.036, "REF_ezer_PB_sin_negat": 0.034, "REF_ezer_PB_sin_posit": 0.04, "REF_bixek_PB_sin_negat": 0.033, "REF_bixek_PB_sin_posit": 0.035, "REF_sin_negat_PB_sin_posit": 0.033}, "Rot_Naive_Fibo_Lanc_Interp_Exper_Open_s7_toMean_iX": {"REF_ezer_PB_bixek": 0.13, "REF_ezer_PB_sin_negat": 0.13, "REF_ezer_PB_sin_posit": 0.12, "REF_bixek_PB_sin_negat": 0.13, "REF_bixek_PB_sin_posit": 0.13, "REF_sin_negat_PB_sin_posit": 0.13},