{"image_pair_names": ["REF_ezer_PB_bixek", "REF_ezer_PB_sin_negat", "REF_ezer_PB_sin_posit", "REF_bixek_PB_sin_negat", "REF_bixek_PB_sin_posit", "REF_sin_negat_PB_sin_posit"], "predicted_delta_phiCRs": {"Rot_Kalkandjiev_Fibo_Cubic_Interp_Exper_Sigm_k35_c0.5_iX": {"REF_ezer_PB_bixek": -1.5696916014999998, "REF_ezer_PB_sin_negat": -1.075220782509793, "REF_ezer_PB_sin_posit": 0.017679281599999985, "REF_bixek_PB_sin_negat": 0.49447081899020673, "REF_bixek_PB_sin_posit": 1.5873708830999997, "REF_sin_negat_PB_sin_posit": 1.092900064109793}, "Rot_Kalkandjiev_Quad_Cubic_Interp_Exper_Sigm_k35_c0.5_iX": {"REF_ezer_PB_bixek": -0.28769457099999984, "REF_ezer_PB_sin_negat": -0.6902796005897931, "REF_ezer_PB_sin_posit": 0.4040250135000001, "REF_bixek_PB_sin_negat": -0.4025850295897932, "REF_bixek_PB_sin_posit": 0.6917195844999999, "REF_sin_negat_PB_sin_posit": 1.0943046140897932}, "Rot_Kalkandjiev_Fibo_Lanc_Interp_Exper_Sigm_k35_c0.5_iX": {"REF_ezer_PB_bixek": -0.6743926745000002, "REF_ezer_PB_sin_negat": -1.0741097659862933, "REF_ezer_PB_sin_posit": 0.017292572499999936, "REF_bixek_PB_sin_negat": -0.39971709148629303, "REF_bixek_PB_sin_posit": 0.6916852470000001, "REF_sin_negat_PB_sin_posit": 1.0914023384862932}, "Rot_Kalkandjiev_Quad_Lanc_Interp_Exper_Sigm_k35_c0.5_iX": {"REF_ezer_PB_bixek": -0.28739314449999975, "REF_ezer_PB_sin_negat": -0.6905054495897931, "REF_ezer_PB_sin_posit": 0.4036862700000001, "REF_bixek_PB_sin_negat": -0.4031123050897933, "REF_bixek_PB_sin_posit": 0.6910794144999999, "REF_sin_negat_PB_sin_posit": 1.0941917195897932}, "Mir_Fibo_Cubic_Interp_Exper_Sigm_k35_c0.5_iX": {"REF_ezer_PB_bixek": -0.28801449851000005, "REF_ezer_PB_sin_negat": -0.690694639083, "REF_ezer_PB_sin_posit": 0.4037901690800001, "REF_bixek_PB_sin_negat": -0.40268014057299995, "REF_bixek_PB_sin_posit": 0.6918046675900001, "REF_sin_negat_PB_sin_posit": 1.094484808163}, "Mir_Quad_Cubic_Interp_Exper_Sigm_k35_c0.5_iX": {"REF_ezer_PB_bixek": -1.18372823, "REF_ezer_PB_sin_negat": -0.690959312, "REF_ezer_PB_sin_posit": 0.40352226999999985, "REF_bixek_PB_sin_negat": 0.492768918, "REF_bixek_PB_sin_posit": 1.5872505, "REF_sin_negat_PB_sin_posit": 1.0944815819999998}, "Mir_Fibo_Lanc_Interp_Exper_Sigm_k35_c0.5_iX": {"REF_ezer_PB_bixek": -0.28843618536000004, "REF_ezer_PB_sin_negat": -0.6914017760250001, "REF_ezer_PB_sin_posit": 0.4044927456309999, "REF_bixek_PB_sin_negat": -0.40296559066500004, "REF_bixek_PB_sin_posit": 0.692928930991, "REF_sin_negat_PB_sin_posit": 1.095894521656}, "Mir_Quad_Lanc_Interp_Exper_Sigm_k35_c0.5_iX": {"REF_ezer_PB_bixek": -0.28797088700000006, "REF_ezer_PB_sin_negat": -0.6906334740000001, "REF_ezer_PB_sin_posit": 0.40512669700000004, "REF_bixek_PB_sin_negat": -0.402662587, "REF_bixek_PB_sin_posit": 0.6930975840000001, "REF_sin_negat_PB_sin_posit": 1.0957601710000002}, "Rot_Naive_Fibo_Cubic_Interp_Exper_Sigm_k35_c0.5_iX": {"REF_ezer_PB_bixek": -0.10550877100000022, "REF_ezer_PB_sin_negat": -0.8028568929999995, "REF_ezer_PB_sin_posit": 0.40484264400000036, "REF_bixek_PB_sin_negat": -0.4637487213, "REF_bixek_PB_sin_posit": 3.13756156, "REF_sin_negat_PB_sin_posit": 1.2849620181799999}, "Rot_Naive_Quad_Cubic_Interp_Exper_Sigm_k35_c0.5_iX": {"REF_ezer_PB_bixek": -0.10617902099999998, "REF_ezer_PB_sin_negat": -0.3735139900000002, "REF_ezer_PB_sin_posit": 0.4048615, "REF_bixek_PB_sin_negat": -0.4625761300000004, "REF_bixek_PB_sin_posit": 3.13714826, "REF_sin_negat_PB_sin_posit": 1.2848740799999998}, "Rot_Naive_Fibo_Lanc_Interp_Exper_Sigm_k35_c0.5_iX": {"REF_ezer_PB_bixek": -3.141541407179586, "REF_ezer_PB_sin_negat": -0.8028568729999996, "REF_ezer_PB_sin_posit": 0.40488129299999986, "REF_bixek_PB_sin_negat": -0.47076412180000027, "REF_bixek_PB_sin_posit": 3.136425903, "REF_sin_negat_PB_sin_posit": 1.2766546082600003}, "Rot_Naive_Quad_Lanc_Interp_Exper_Sigm_k35_c0.5_iX": {"REF_ezer_PB_bixek": -3.1415923071795864, "REF_ezer_PB_sin_negat": -0.37352969999999974, "REF_ezer_PB_sin_posit": 0.40542048300000033, "REF_bixek_PB_sin_negat": -0.4632883000000003, "REF_bixek_PB_sin_posit": 3.136376, "REF_sin_negat_PB_sin_posit": 1.2773965}, "Rel_Rot_Fourier_Phase_Correlat_Exper_Sigm_k35_c0.5_iX": {"REF_ezer_PB_bixek": -0.3373721444105042, "REF_ezer_PB_sin_negat": -0.30019663134302466, "REF_ezer_PB_sin_posit": 0.4040437218366873, "REF_bixek_PB_sin_negat": -0.19652407377456171, "REF_bixek_PB_sin_posit": 0.6825982704549823, "REF_sin_negat_PB_sin_posit": 1.1129964639967838}, "Histo_Intra_Class_Var_Exper_Sigm_k35_c0.5_iX": {"REF_ezer_PB_bixek": -0.3132985550429277, "REF_ezer_PB_sin_negat": -0.8125105383530862, "REF_ezer_PB_sin_posit": 0.3769911184307751, "REF_bixek_PB_sin_negat": -0.49921198331015937, "REF_bixek_PB_sin_posit": 0.6902896734737025, "REF_sin_negat_PB_sin_posit": 1.1895016567838614}, "Grad_Regress_Exper_Sigm_k35_c0.5_iX": {"REF_ezer_PB_bixek": -0.49045130010461513, "REF_ezer_PB_sin_negat": -1.2319172376552148, "REF_ezer_PB_sin_posit": -0.7918979778951662, "REF_bixek_PB_sin_negat": -0.7414659375505996, "REF_bixek_PB_sin_posit": -0.3014466777905511, "REF_sin_negat_PB_sin_posit": 0.4400192597600485}}, "times": {"Rot_Kalkandjiev_Fibo_Cubic_Interp_Exper_Sigm_k35_c0.5_iX": {"REF_ezer_PB_bixek": 0.073, "REF_ezer_PB_sin_negat": 0.107, "REF_ezer_PB_sin_posit": 0.087, "REF_bixek_PB_sin_negat": 0.093, "REF_bixek_PB_sin_posit": 0.074, "REF_sin_negat_PB_sin_posit": 0.109}, "Rot_Kalkandjiev_Quad_Cubic_Interp_Exper_Sigm_k35_c0.5_iX": {"REF_ezer_PB_bixek": 0.069, "REF_ezer_PB_sin_negat": 0.07100000000000001, "REF_ezer_PB_sin_posit": 0.066, "REF_bixek_PB_sin_negat": 0.07100000000000001, "REF_bixek_PB_sin_posit": 0.067, "REF_sin_negat_PB_sin_posit": 0.069}, "Rot_Kalkandjiev_Fibo_Lanc_Interp_Exper_Sigm_k35_c0.5_iX": {"REF_ezer_PB_bixek": 0.187, "REF_ezer_PB_sin_negat": 0.20700000000000002, "REF_ezer_PB_sin_posit": 0.187, "REF_bixek_PB_sin_negat": 0.24, "REF_bixek_PB_sin_posit": 0.24, "REF_sin_negat_PB_sin_posit": 0.24}, "Rot_Kalkandjiev_Quad_Lanc_Interp_Exper_Sigm_k35_c0.5_iX": {"REF_ezer_PB_bixek": 0.166, "REF_ezer_PB_sin_negat": 0.14300000000000002, "REF_ezer_PB_sin_posit": 0.133, "REF_bixek_PB_sin_negat": 0.16, "REF_bixek_PB_sin_posit": 0.15200000000000002, "REF_sin_negat_PB_sin_posit": 0.14200000000000002}, "Mir_Fibo_Cubic_Interp_Exper_Sigm_k35_c0.5_iX": {"REF_ezer_PB_bixek": 0.111, "REF_ezer_PB_sin_negat": 0.113, "REF_ezer_PB_sin_posit": 0.109, "REF_bixek_PB_sin_negat": 0.124, "REF_bixek_PB_sin_posit": 0.121, "REF_sin_negat_PB_sin_posit": 0.122}, "Mir_Quad_Cubic_Interp_Exper_Sigm_k35_c0.5_iX": {"REF_ezer_PB_bixek": 0.065, "REF_ezer_PB_sin_negat": 0.07200000000000001, "REF_ezer_PB_sin_posit": 0.063, "REF_bixek_PB_sin_negat": 0.067, "REF_bixek_PB_sin_posit": 0.059, "REF_sin_negat_PB_sin_posit": 0.066}, "Mir_Fibo_Lanc_Interp_Exper_Sigm_k35_c0.5_iX": {"REF_ezer_PB_bixek": 0.24, "REF_ezer_PB_sin_negat": 0.26, "REF_ezer_PB_sin_posit": 0.26, "REF_bixek_PB_sin_negat": 0.27, "REF_bixek_PB_sin_posit": 0.24, "REF_sin_negat_PB_sin_posit": 0.26}, "Mir_Quad_Lanc_Interp_Exper_Sigm_k35_c0.5_iX": {"REF_ezer_PB_bixek": 0.155, "REF_ezer_PB_sin_negat": 0.153, "REF_ezer_PB_sin_posit": 0.147, "REF_bixek_PB_sin_negat": 0.159, "REF_bixek_PB_sin_posit": 0.153, "REF_sin_negat_PB_sin_posit": 0.16699999999999998}, "Rot_Naive_Fibo_Cubic_Interp_Exper_Sigm_k35_c0.5_iX": {"REF_ezer_PB_bixek": 0.047, "REF_ezer_PB_sin_negat": 0.043, "REF_ezer_PB_sin_posit": 0.046, "REF_bixek_PB_sin_negat": 0.063, "REF_bixek_PB_sin_posit": 0.036, "REF_sin_negat_PB_sin_posit": 0.058}, "Rot_Naive_Quad_Cubic_Interp_Exper_Sigm_k35_c0.5_iX": {"REF_ezer_PB_bixek": 0.04, "REF_ezer_PB_sin_negat": 0.042, "REF_ezer_PB_sin_posit": 0.033, "REF_bixek_PB_sin_negat": 0.038, "REF_bixek_PB_sin_posit": 0.034, "REF_sin_negat_PB_sin_posit": 0.038}, "Rot_Naive_Fibo_Lanc_Interp_Exper_Sigm_k35_c0.5_iX": {"REF_ezer_PB_bixek": 0.086, "REF_ezer_PB_sin_negat": 0.086, "REF_ezer_PB_sin_posit": 0.11, "REF_bixek_PB_sin_negat": 0.11, "REF_bixek_PB_sin_posit": 0.094, "REF_sin_negat_PB_sin_posit": 0.15},