{"image_pair_names": ["REF_sin_nada_PB_con_todo", "REF_sin_nada_PB_sin_negativo", "REF_sin_nada_PB_sin_positivo", "REF_con_todo_PB_sin_negativo", "REF_con_todo_PB_sin_positivo", "REF_sin_negativo_PB_sin_positivo", "REF_0_2_PB_90"], "predicted_delta_phiCRs": {"Simulation_Grav_Prepr_Sigm_cent_0.1_slp_35_DS_Exper_Searc_NM": {"REF_sin_nada_PB_con_todo": -0.13566324773788985, "REF_sin_nada_PB_sin_negativo": -0.46862465022648525, "REF_sin_nada_PB_sin_positivo": 0.4349609522246123, "REF_con_todo_PB_sin_negativo": -0.33296140248859274, "REF_con_todo_PB_sin_positivo": 0.5706241999625021, "REF_sin_negativo_PB_sin_positivo": 0.9035856024510798, "REF_0_2_PB_90": -3.0244750462401777}, "Simulation_Grav_Prepr_Sigm_cent_0.1_slp_35_DS_Exper_Searc_P": {"REF_sin_nada_PB_con_todo": -0.15580813913404334, "REF_sin_nada_PB_sin_negativo": -0.5052471037086219, "REF_sin_nada_PB_sin_positivo": 0.4835839018719721, "REF_con_todo_PB_sin_negativo": -0.3494389645745768, "REF_con_todo_PB_sin_positivo": 0.6393920410060154, "REF_sin_negativo_PB_sin_positivo": 0.9888310055805869, "REF_0_2_PB_90": -3.021268962330634}}, "times": {"Simulation_Grav_Prepr_Sigm_cent_0.1_slp_35_DS_Exper_Searc_NM": {"REF_sin_nada_PB_con_todo": 3.5009961128234863, "REF_sin_nada_PB_sin_negativo": 2.1037487983703613, "REF_sin_nada_PB_sin_positivo": 2.2955567836761475, "REF_con_todo_PB_sin_negativo": 1.6244454383850098, "REF_con_todo_PB_sin_positivo": 1.7083415985107422, "REF_sin_negativo_PB_sin_positivo": 1.6953234672546387, "REF_0_2_PB_90": 4.915048122406006}, "Simulation_Grav_Prepr_Sigm_cent_0.1_slp_35_DS_Exper_Searc_P": {"REF_sin_nada_PB_con_todo": 4.538940906524658, "REF_sin_nada_PB_sin_negativo": 4.863955497741699, "REF_sin_nada_PB_sin_positivo": 4.531431674957275, "REF_con_todo_PB_sin_negativo": 4.008885145187378, "REF_con_todo_PB_sin_positivo": 4.166279077529907, "REF_sin_negativo_PB_sin_positivo": 4.059948682785034, "REF_0_2_PB_90": 4.6163318157196045}}}