{"image_pair_names": ["REF_sin_nada_PB_con_todo", "REF_sin_nada_PB_sin_negativo", "REF_sin_nada_PB_sin_positivo", "REF_con_todo_PB_sin_negativo", "REF_con_todo_PB_sin_positivo", "REF_sin_negativo_PB_sin_positivo", "REF_0_2_PB_90"], "predicted_delta_phiCRs": {"Simulation_Geom_Prepr_Max_DS_Exper_Searc_NM": {"REF_sin_nada_PB_con_todo": -0.14896078381413602, "REF_sin_nada_PB_sin_negativo": -0.49928893819945586, "REF_sin_nada_PB_sin_positivo": 0.36436844341011554, "REF_con_todo_PB_sin_negativo": -0.35032815438531983, "REF_con_todo_PB_sin_positivo": 0.5133292272242462, "REF_sin_negativo_PB_sin_positivo": 0.8636573816095678, "REF_0_2_PB_90": 3.1377838707479997}, "Simulation_Geom_Prepr_Max_DS_Exper_Searc_P": {"REF_sin_nada_PB_con_todo": -0.1613122018031099, "REF_sin_nada_PB_sin_negativo": -0.5028356494193309, "REF_sin_nada_PB_sin_positivo": 0.36241943993395154, "REF_con_todo_PB_sin_negativo": -0.341523447616221, "REF_con_todo_PB_sin_positivo": 0.5237316417370561, "REF_sin_negativo_PB_sin_positivo": 0.8652550893532798, "REF_0_2_PB_90": -3.089803731695752}}, "times": {"Simulation_Geom_Prepr_Max_DS_Exper_Searc_NM": {"REF_sin_nada_PB_con_todo": 9.387699127197266, "REF_sin_nada_PB_sin_negativo": 9.192025184631348, "REF_sin_nada_PB_sin_positivo": 9.204869508743286, "REF_con_todo_PB_sin_negativo": 7.76418137550354, "REF_con_todo_PB_sin_positivo": 8.005531311035156, "REF_sin_negativo_PB_sin_positivo": 8.388015747070312, "REF_0_2_PB_90": 9.435878276824951}, "Simulation_Geom_Prepr_Max_DS_Exper_Searc_P": {"REF_sin_nada_PB_con_todo": 9.830217123031616, "REF_sin_nada_PB_sin_negativo": 8.34878921508789, "REF_sin_nada_PB_sin_positivo": 8.249184131622314, "REF_con_todo_PB_sin_negativo": 1.5923173427581787, "REF_con_todo_PB_sin_positivo": 1.6312105655670166, "REF_sin_negativo_PB_sin_positivo": 1.6703953742980957, "REF_0_2_PB_90": 1.8584539890289307}}}