{"image_pair_names": ["REF_Sin_ninguno_PB_Con_las_dos", "REF_Sin_ninguno_PB_Sin_negativo", "REF_Sin_ninguno_PB_Sin_positivo", "REF_Con_las_dos_PB_Sin_negativo", "REF_Con_las_dos_PB_Sin_positivo", "REF_Sin_negativo_PB_Sin_positivo", "REF_0_PB_90"], "predicted_delta_phiCRs": {"Rot_Kalkandjiev_Fibo_Cubic_Interp_Exper_to_Max_iX": {"REF_Sin_ninguno_PB_Con_las_dos": -0.19251952933799998, "REF_Sin_ninguno_PB_Sin_negativo": -0.5744098101065, "REF_Sin_ninguno_PB_Sin_positivo": 0.4164807030434998, "REF_Con_las_dos_PB_Sin_negativo": -0.38189028076850007, "REF_Con_las_dos_PB_Sin_positivo": 0.6090002323814998, "REF_Sin_negativo_PB_Sin_positivo": 0.9908905131499999, "REF_0_PB_90": -2.6514902104162936}, "Rot_Kalkandjiev_Quad_Cubic_Interp_Exper_to_Max_iX": {"REF_Sin_ninguno_PB_Con_las_dos": -0.1924348469999999, "REF_Sin_ninguno_PB_Sin_negativo": -0.5744209827499998, "REF_Sin_ninguno_PB_Sin_positivo": 0.4165357571000001, "REF_Con_las_dos_PB_Sin_negativo": -0.38198613574999984, "REF_Con_las_dos_PB_Sin_positivo": 0.6089706041, "REF_Sin_negativo_PB_Sin_positivo": 0.9909567398499999, "REF_0_PB_90": -2.6517611153897933}, "Rot_Kalkandjiev_Fibo_Lanc_Interp_Exper_to_Max_iX": {"REF_Sin_ninguno_PB_Con_las_dos": -0.1927004384690001, "REF_Sin_ninguno_PB_Sin_negativo": -0.5743917668924998, "REF_Sin_ninguno_PB_Sin_positivo": 0.4162935222495001, "REF_Con_las_dos_PB_Sin_negativo": -0.38169132842349973, "REF_Con_las_dos_PB_Sin_positivo": 0.6089939607185002, "REF_Sin_negativo_PB_Sin_positivo": 0.9906852891419999, "REF_0_PB_90": -2.651668783711294}, "Rot_Kalkandjiev_Quad_Lanc_Interp_Exper_to_Max_iX": {"REF_Sin_ninguno_PB_Con_las_dos": -0.19265546099999975, "REF_Sin_ninguno_PB_Sin_negativo": -0.5745171329000001, "REF_Sin_ninguno_PB_Sin_positivo": 0.41620025390000004, "REF_Con_las_dos_PB_Sin_negativo": -0.3818616719000003, "REF_Con_las_dos_PB_Sin_positivo": 0.6088557148999998, "REF_Sin_negativo_PB_Sin_positivo": 0.9907173868000001, "REF_0_PB_90": -2.6519000340697936}, "Mir_Fibo_Cubic_Interp_Exper_to_Max_iX": {"REF_Sin_ninguno_PB_Con_las_dos": -0.1925903543397931, "REF_Sin_ninguno_PB_Sin_negativo": -0.5741219933867932, "REF_Sin_ninguno_PB_Sin_positivo": 0.4164524583000002, "REF_Con_las_dos_PB_Sin_negativo": -0.38153163904700005, "REF_Con_las_dos_PB_Sin_positivo": 0.6090428126397933, "REF_Sin_negativo_PB_Sin_positivo": 0.9905744516867934, "REF_0_PB_90": -2.652154789424}, "Mir_Quad_Cubic_Interp_Exper_to_Max_iX": {"REF_Sin_ninguno_PB_Con_las_dos": -0.19276764868979335, "REF_Sin_ninguno_PB_Sin_negativo": -0.5745364908897934, "REF_Sin_ninguno_PB_Sin_positivo": 0.4161780432799995, "REF_Con_las_dos_PB_Sin_negativo": -0.38176884220000007, "REF_Con_las_dos_PB_Sin_positivo": 0.6089456919697929, "REF_Sin_negativo_PB_Sin_positivo": 0.9907145341697929, "REF_0_PB_90": -2.6518958317999997}, "Mir_Fibo_Lanc_Interp_Exper_to_Max_iX": {"REF_Sin_ninguno_PB_Con_las_dos": -0.1927440905557929, "REF_Sin_ninguno_PB_Sin_negativo": -0.5743935138997931, "REF_Sin_ninguno_PB_Sin_positivo": 0.4161831303200003, "REF_Con_las_dos_PB_Sin_negativo": -0.3816494233440002, "REF_Con_las_dos_PB_Sin_positivo": 0.6089272208757932, "REF_Sin_negativo_PB_Sin_positivo": 0.9905766442197934, "REF_0_PB_90": -2.652153496422}, "Mir_Quad_Lanc_Interp_Exper_to_Max_iX": {"REF_Sin_ninguno_PB_Con_las_dos": -0.19252615988979294, "REF_Sin_ninguno_PB_Sin_negativo": -0.5743961738897929, "REF_Sin_ninguno_PB_Sin_positivo": 0.4163964275000005, "REF_Con_las_dos_PB_Sin_negativo": -0.381870014, "REF_Con_las_dos_PB_Sin_positivo": 0.6089225873897934, "REF_Sin_negativo_PB_Sin_positivo": 0.9907926013897934, "REF_0_PB_90": -2.6522000141000004}, "Rot_Naive_Fibo_Cubic_Interp_Exper_to_Max_iX": {"REF_Sin_ninguno_PB_Con_las_dos": -0.19235335867200032, "REF_Sin_ninguno_PB_Sin_negativo": -0.5713048676909995, "REF_Sin_ninguno_PB_Sin_positivo": 0.41488234927799983, "REF_Con_las_dos_PB_Sin_negativo": -0.3795844727900004, "REF_Con_las_dos_PB_Sin_positivo": 0.6066085758000002, "REF_Sin_negativo_PB_Sin_positivo": 0.9839125695300002, "REF_0_PB_90": -2.599302067129586}, "Rot_Naive_Quad_Cubic_Interp_Exper_to_Max_iX": {"REF_Sin_ninguno_PB_Con_las_dos": -0.19223126919999967, "REF_Sin_ninguno_PB_Sin_negativo": -0.5712971748999998, "REF_Sin_ninguno_PB_Sin_positivo": 0.4151396354000001, "REF_Con_las_dos_PB_Sin_negativo": -0.37946259719999986, "REF_Con_las_dos_PB_Sin_positivo": 0.606747125, "REF_Sin_negativo_PB_Sin_positivo": 0.9839429684000001, "REF_0_PB_90": -2.599055018479586}, "Rot_Naive_Fibo_Lanc_Interp_Exper_to_Max_iX": {"REF_Sin_ninguno_PB_Con_las_dos": -0.19235332603300037, "REF_Sin_ninguno_PB_Sin_negativo": -0.5713053521360001, "REF_Sin_ninguno_PB_Sin_positivo": 0.4151619165270004, "REF_Con_las_dos_PB_Sin_negativo": -0.3795844727900004, "REF_Con_las_dos_PB_Sin_positivo": 0.6064583548, "REF_Sin_negativo_PB_Sin_positivo": 0.984009379512, "REF_0_PB_90": -2.5988558563305864}, "Rot_Naive_Quad_Lanc_Interp_Exper_to_Max_iX": {"REF_Sin_ninguno_PB_Con_las_dos": -0.19246285000000007, "REF_Sin_ninguno_PB_Sin_negativo": -0.5713390193999999, "REF_Sin_ninguno_PB_Sin_positivo": 0.4151876366999998, "REF_Con_las_dos_PB_Sin_negativo": -0.3794940764000003, "REF_Con_las_dos_PB_Sin_positivo": 0.6067974849999995, "REF_Sin_negativo_PB_Sin_positivo": 0.9836129321999998, "REF_0_PB_90": -2.5988675516795863}, "Rel_Rot_Fourier_Phase_Correlat_Exper_to_Max_iX": {"REF_Sin_ninguno_PB_Con_las_dos": -0.009424777960769681, "REF_Sin_ninguno_PB_Sin_negativo": 0.05497787143782139, "REF_Sin_ninguno_PB_Sin_positivo": 0.05672320068981571, "REF_Con_las_dos_PB_Sin_negativo": 0.05462880558742251, "REF_Con_las_dos_PB_Sin_positivo": 0.05270894341022875, "REF_Sin_negativo_PB_Sin_positivo": -0.008901179185171415, "REF_0_PB_90": -2.6459191460234037}, "Histo_Intra_Class_Var_Exper_to_Max_iX": {"REF_Sin_ninguno_PB_Con_las_dos": -0.07746392844468009, "REF_Sin_ninguno_PB_Sin_negativo": -0.4544550468754549, "REF_Sin_ninguno_PB_Sin_positivo": 0.3614983327418392, "REF_Con_las_dos_PB_Sin_negativo": -0.3769911184307748, "REF_Con_las_dos_PB_Sin_positivo": 0.43896226118651904, "REF_Sin_negativo_PB_Sin_positivo": 0.8159533796172941, "REF_0_PB_90": -2.4082674643134903}, "Grad_Regress_Exper_to_Max_iX": {"REF_Sin_ninguno_PB_Con_las_dos": -0.20639557108368844, "REF_Sin_ninguno_PB_Sin_negativo": -0.6085276816798917, "REF_Sin_ninguno_PB_Sin_positivo": 0.42764170564877313, "REF_Con_las_dos_PB_Sin_negativo": -0.40213211059620413, "REF_Con_las_dos_PB_Sin_positivo": 0.6340372767324616, "REF_Sin_negativo_PB_Sin_positivo": 1.0361693873286653, "REF_0_PB_90": -2.502564584363331}}, "times": {"Rot_Kalkandjiev_Fibo_Cubic_Interp_Exper_to_Max_iX": {"REF_Sin_ninguno_PB_Con_las_dos": 0.41000000000000003, "REF_Sin_ninguno_PB_Sin_negativo": 0.42, "REF_Sin_ninguno_PB_Sin_positivo": 0.41000000000000003, "REF_Con_las_dos_PB_Sin_negativo": 0.4, "REF_Con_las_dos_PB_Sin_positivo": 0.41000000000000003, "REF_Sin_negativo_PB_Sin_positivo": 0.42, "REF_0_PB_90": 0.42000000000000004}, "Rot_Kalkandjiev_Quad_Cubic_Interp_Exper_to_Max_iX": {"REF_Sin_ninguno_PB_Con_las_dos": 0.26, "REF_Sin_ninguno_PB_Sin_negativo": 0.25, "REF_Sin_ninguno_PB_Sin_positivo": 0.26, "REF_Con_las_dos_PB_Sin_negativo": 0.24, "REF_Con_las_dos_PB_Sin_positivo": 0.25, "REF_Sin_negativo_PB_Sin_positivo": 0.25, "REF_0_PB_90": 0.26}, "Rot_Kalkandjiev_Fibo_Lanc_Interp_Exper_to_Max_iX": {"REF_Sin_ninguno_PB_Con_las_dos": 0.68, "REF_Sin_ninguno_PB_Sin_negativo": 0.67, "REF_Sin_ninguno_PB_Sin_positivo": 0.64, "REF_Con_las_dos_PB_Sin_negativo": 0.67, "REF_Con_las_dos_PB_Sin_positivo": 0.66, "REF_Sin_negativo_PB_Sin_positivo": 0.66, "REF_0_PB_90": 0.66}, "Rot_Kalkandjiev_Quad_Lanc_Interp_Exper_to_Max_iX": {"REF_Sin_ninguno_PB_Con_las_dos": 0.44999999999999996, "REF_Sin_ninguno_PB_Sin_negativo": 0.43, "REF_Sin_ninguno_PB_Sin_positivo": 0.39, "REF_Con_las_dos_PB_Sin_negativo": 0.4, "REF_Con_las_dos_PB_Sin_positivo": 0.35, "REF_Sin_negativo_PB_Sin_positivo": 0.33999999999999997, "REF_0_PB_90": 0.45999999999999996}, "Mir_Fibo_Cubic_Interp_Exper_to_Max_iX": {"REF_Sin_ninguno_PB_Con_las_dos": 0.39,