{"image_pair_names": ["REF_ezer_PB_bixek", "REF_ezer_PB_sin_negat", "REF_ezer_PB_sin_posit", "REF_bixek_PB_sin_negat", "REF_bixek_PB_sin_posit", "REF_sin_negat_PB_sin_posit"], "predicted_delta_phiCRs": {"Rot_Kalkandjiev_Fibo_Cubic_Interp_Exper_Sigm_k55.37334267018538_c0.9_iX": {"REF_ezer_PB_bixek": -0.07265472299999987, "REF_ezer_PB_sin_negat": -0.2231234594310001, "REF_ezer_PB_sin_posit": 0.7799921000000001, "REF_bixek_PB_sin_negat": -0.15046873643100023, "REF_bixek_PB_sin_posit": 0.8526468229999999, "REF_sin_negat_PB_sin_posit": 1.0031155594310002}, "Rot_Kalkandjiev_Quad_Cubic_Interp_Exper_Sigm_k55.37334267018538_c0.9_iX": {"REF_ezer_PB_bixek": 2.327379985089793, "REF_ezer_PB_sin_negat": 3.887466888679586, "REF_ezer_PB_sin_posit": 2.317190635089793, "REF_bixek_PB_sin_negat": 1.5600869035897929, "REF_bixek_PB_sin_posit": -0.010189350000000097, "REF_sin_negat_PB_sin_posit": -1.570276253589793}, "Rot_Kalkandjiev_Fibo_Lanc_Interp_Exper_Sigm_k55.37334267018538_c0.9_iX": {"REF_ezer_PB_bixek": -0.06771612316999986, "REF_ezer_PB_sin_negat": 2.3544156870402935, "REF_ezer_PB_sin_posit": 0.7835645334505001, "REF_bixek_PB_sin_negat": 2.4221318102102933, "REF_bixek_PB_sin_posit": 0.8512806566205, "REF_sin_negat_PB_sin_posit": -1.5708511535897933}, "Rot_Kalkandjiev_Quad_Lanc_Interp_Exper_Sigm_k55.37334267018538_c0.9_iX": {"REF_ezer_PB_bixek": 2.3174351560897932, "REF_ezer_PB_sin_negat": 3.894802224679586, "REF_ezer_PB_sin_posit": 2.3240045710897927, "REF_bixek_PB_sin_negat": 1.577367068589793, "REF_bixek_PB_sin_posit": 0.006569414999999967, "REF_sin_negat_PB_sin_posit": -1.570797653589793}, "Mir_Fibo_Cubic_Interp_Exper_Sigm_k55.37334267018538_c0.9_iX": {"REF_ezer_PB_bixek": 3.0116729283000003, "REF_ezer_PB_sin_negat": 1.3025801225000002, "REF_ezer_PB_sin_posit": 0.7393454897190003, "REF_bixek_PB_sin_negat": -1.7090928058000001, "REF_bixek_PB_sin_posit": -2.272327438581, "REF_sin_negat_PB_sin_posit": -0.5632346327809999}, "Mir_Quad_Cubic_Interp_Exper_Sigm_k55.37334267018538_c0.9_iX": {"REF_ezer_PB_bixek": 1.4881920599999998, "REF_ezer_PB_sin_negat": -2.392347893588793, "REF_ezer_PB_sin_posit": 0.7497447599999998, "REF_bixek_PB_sin_negat": -3.880539953588793, "REF_bixek_PB_sin_posit": -0.7384473, "REF_sin_negat_PB_sin_posit": 3.142092653588793}, "Mir_Fibo_Lanc_Interp_Exper_Sigm_k55.37334267018538_c0.9_iX": {"REF_ezer_PB_bixek": 3.029324903024, "REF_ezer_PB_sin_negat": 3.8980561356137926, "REF_ezer_PB_sin_posit": 0.7570021937429999, "REF_bixek_PB_sin_negat": 0.8687312325897927, "REF_bixek_PB_sin_posit": -2.272322709281, "REF_sin_negat_PB_sin_posit": -3.141053941870793}, "Mir_Quad_Lanc_Interp_Exper_Sigm_k55.37334267018538_c0.9_iX": {"REF_ezer_PB_bixek": 2.267725229999, "REF_ezer_PB_sin_negat": -3.140282653590793, "REF_ezer_PB_sin_posit": 0.000379999999, "REF_bixek_PB_sin_negat": -5.408007883589793, "REF_bixek_PB_sin_posit": -2.26734523, "REF_sin_negat_PB_sin_posit": 3.140662653589793}, "Rot_Naive_Fibo_Cubic_Interp_Exper_Sigm_k55.37334267018538_c0.9_iX": {"REF_ezer_PB_bixek": -0.09682535718300045, "REF_ezer_PB_sin_negat": -0.29518981103599984, "REF_ezer_PB_sin_posit": -2.0948086246545863, "REF_bixek_PB_sin_negat": -3.1413163071795864, "REF_bixek_PB_sin_posit": -3.1386522591795862, "REF_sin_negat_PB_sin_posit": -3.140389007179586}, "Rot_Naive_Quad_Cubic_Interp_Exper_Sigm_k55.37334267018538_c0.9_iX": {"REF_ezer_PB_bixek": -0.0966762000000001, "REF_ezer_PB_sin_negat": -0.2940915000000004, "REF_ezer_PB_sin_posit": -2.9320143071795863, "REF_bixek_PB_sin_negat": -3.141575307179586, "REF_bixek_PB_sin_posit": -3.138080307179586, "REF_sin_negat_PB_sin_posit": -3.139361907179586}, "Rot_Naive_Fibo_Lanc_Interp_Exper_Sigm_k55.37334267018538_c0.9_iX": {"REF_ezer_PB_bixek": -0.06927806948200033, "REF_ezer_PB_sin_negat": -0.294183831712, "REF_ezer_PB_sin_posit": 3.139019430135, "REF_bixek_PB_sin_negat": -3.1344451321795863, "REF_bixek_PB_sin_posit": 3.140093799616, "REF_sin_negat_PB_sin_posit": -3.140642946446586}, "Rot_Naive_Quad_Lanc_Interp_Exper_Sigm_k55.37334267018538_c0.9_iX": {"REF_ezer_PB_bixek": -0.08764009999999978, "REF_ezer_PB_sin_negat": -0.2903431699999999, "REF_ezer_PB_sin_posit": 2.3513887, "REF_bixek_PB_sin_negat": -3.1415853071795863, "REF_bixek_PB_sin_posit": -3.1389963071795863, "REF_sin_negat_PB_sin_posit": -3.1404472071795864}, "Rel_Rot_Fourier_Phase_Correlat_Exper_Sigm_k55.37334267018538_c0.9_iX": {"REF_ezer_PB_bixek": -0.20228366030614264, "REF_ezer_PB_sin_negat": 2.9131290545037354, "REF_ezer_PB_sin_posit": 0.8782496796035466, "REF_bixek_PB_sin_negat": 3.0166270791469993, "REF_bixek_PB_sin_posit": -2.41920087618934, "REF_sin_negat_PB_sin_posit": 1.1468558514854739}, "Histo_Intra_Class_Var_Exper_Sigm_k55.37334267018538_c0.9_iX": {"REF_ezer_PB_bixek": -1.1344161965565336, "REF_ezer_PB_sin_negat": 1.9142197428996437, "REF_ezer_PB_sin_posit": 0.05852830149153587, "REF_bixek_PB_sin_negat": 3.0486359394561773, "REF_bixek_PB_sin_posit": 1.1929444980480692, "REF_sin_negat_PB_sin_posit": -1.8556914414081076}, "Grad_Regress_Exper_Sigm_k55.37334267018538_c0.9_iX": {"REF_ezer_PB_bixek": 3.137754180889576, "REF_ezer_PB_sin_negat": 3.137230621889555, "REF_ezer_PB_sin_posit": -0.0009482215203222566, "REF_bixek_PB_sin_negat": -0.0005235590000207679, "REF_bixek_PB_sin_posit": -3.1387024024098977, "REF_sin_negat_PB_sin_posit": -3.138178843409877}}, "times": {"Rot_Kalkandjiev_Fibo_Cubic_Interp_Exper_Sigm_k55.37334267018538_c0.9_iX": {"REF_ezer_PB_bixek": 0.08399999999999999, "REF_ezer_PB_sin_negat": 0.10300000000000001, "REF_ezer_PB_sin_posit": 0.062, "REF_bixek_PB_sin_negat": 0.11, "REF_bixek_PB_sin_posit": 0.069, "REF_sin_negat_PB_sin_posit": 0.089}, "Rot_Kalkandjiev_Quad_Cubic_Interp_Exper_Sigm_k55.37334267018538_c0.9_iX": {"REF_ezer_PB_bixek": 0.057, "REF_ezer_PB_sin_negat": 0.048, "REF_ezer_PB_sin_posit": 0.06, "REF_bixek_PB_sin_negat": 0.041, "REF_bixek_PB_sin_posit": 0.053000000000000005, "REF_sin_negat_PB_sin_posit": 0.044}, "Rot_Kalkandjiev_Fibo_Lanc_Interp_Exper_Sigm_k55.37334267018538_c0.9_iX": {"REF_ezer_PB_bixek": 0.26, "REF_ezer_PB_sin_negat": 0.179, "REF_ezer_PB_sin_posit": 0.184, "REF_bixek_PB_sin_negat": 0.179, "REF_bixek_PB_sin_posit": 0.184, "REF_sin_negat_PB_sin_posit": 0.10300000000000001}, "Rot_Kalkandjiev_Quad_Lanc_Interp_Exper_Sigm_k55.37334267018538_c0.9_iX": {"REF_ezer_PB_bixek": 0.15, "REF_ezer_PB_sin_negat": 0.11299999999999999, "REF_ezer_PB_sin_posit": 0.118, "REF_bixek_PB_sin_negat": 0.11699999999999999, "REF_bixek_PB_sin_posit": 0.122, "REF_sin_negat_PB_sin_posit": 0.08499999999999999}, "Mir_Fibo_Cubic_Interp_Exper_Sigm_k55.37334267018538_c0.9_iX": {"REF_ezer_PB_bixek": 0.097, "REF_ezer_PB_sin_negat": 0.104, "REF_ezer_PB_sin_posit": 0.092, "REF_bixek_PB_sin_negat": 0.11299999999999999, "REF_bixek_PB_sin_posit": 0.105, "REF_sin_negat_PB_sin_posit": 0.11099999999999999}, "Mir_Quad_Cubic_Interp_Exper_Sigm_k55.37334267018538_c0.9_iX": {"REF_ezer_PB_bixek": 0.07500000000000001, "REF_ezer_PB_sin_negat": 0.056, "REF_ezer_PB_sin_posit": 0.064, "REF_bixek_PB_sin_negat": 0.049, "REF_bixek_PB_sin_posit": 0.057, "REF_sin_negat_PB_sin_posit": 0.039}, "Mir_Fibo_Lanc_Interp_Exper_Sigm_k55.37334267018538_c0.9_iX": {"REF_ezer_PB_bixek": 0.25, "REF_ezer_PB_sin_negat": 0.195, "REF_ezer_PB_sin_posit": 0.25, "REF_bixek_PB_sin_negat": 0.164, "REF_bixek_PB_sin_posit": 0.22999999999999998, "REF_sin_negat_PB_sin_posit": 0.174}, "Mir_Quad_Lanc_Interp_Exper_Sigm_k55.37334267018538_c0.9_iX": {"REF_ezer_PB_bixek": 0.1, "REF_ezer_PB_sin_negat": 0.088, "REF_ezer_PB_sin_posit": 0.09, "REF_bixek_PB_sin_negat": 0.11599999999999999, "REF_bixek_PB_sin_posit": 0.11599999999999999, "REF_sin_negat_PB_sin_posit": 0.104}, "Rot_Naive_Fibo_Cubic_Interp_Exper_Sigm_k55.37334267018538_c0.9_iX": {"REF_ezer_PB_bixek": 0.055, "REF_ezer_PB_sin_negat": 0.06, "REF_ezer_PB_sin_posit": 0.059, "REF_bixek_PB_sin_negat": 0.026, "REF_bixek_PB_sin_posit": 0.04, "REF_sin_negat_PB_sin_posit": 0.031}, "Rot_Naive_Quad_Cubic_Interp_Exper_Sigm_k55.37334267018538_c0.9_iX": {"REF_ezer_PB_bixek": 0.027,